{"images": [{"license": 3, "file_name": "000000183757.jpg", "coco_url": "http://images.cocodataset.org/train2017/000000183757.jpg", "height": 640, "width": 480, "date_captured": "2013-11-17 15:38:34", "flickr_url": "http://farm9.staticflickr.com/8289/7717265494_a6c6ac01bb_z.jpg", "id": 183757}, {"license": 1, "file_name": "000000283471.jpg", "coco_url": "http://images.cocodataset.org/train2017/000000283471.jpg", "height": 480, "width": 640, "date_captured": "2013-11-17 15:58:43", "flickr_url": "http://farm4.staticflickr.com/3218/3032159333_c5fa878a6f_z.jpg", "id": 283471}, {"license": 4, "file_name": "000000177529.jpg", "coco_url": "http://images.cocodataset.org/train2017/000000177529.jpg", "height": 439, "width": 640, "date_captured": "2013-11-17 15:59:19", "flickr_url": "http://farm2.staticflickr.com/1342/1342680003_e85c0c76a3_z.jpg", "id": 177529}, {"license": 2, "file_name": "000000306395.jpg", "coco_url": "http://images.cocodataset.org/train2017/000000306395.jpg", "height": 480, "width": 640, "date_captured": "2013-11-18 13:54:33", "flickr_url": "http://farm1.staticflickr.com/31/66302047_2032bd2aba_z.jpg", "id": 306395}, {"license": 6, "file_name": "000000516194.jpg", "coco_url": "http://images.cocodataset.org/train2017/000000516194.jpg", "height": 640, "width": 564, "date_captured": "2013-11-17 16:03:26", "flickr_url": "http://farm1.staticflickr.com/168/474371860_4099a9e1f8_z.jpg", "id": 516194}, {"license": 4, "file_name": "000000209419.jpg", "coco_url": "http://images.cocodataset.org/train2017/000000209419.jpg", "height": 546, "width": 640, "date_captured": "2013-11-17 15:56:35", "flickr_url": "http://farm1.staticflickr.com/184/399924547_98e6cef97a_z.jpg", "id": 209419}, {"license": 3, "file_name": "000000053289.jpg", "coco_url": "http://images.cocodataset.org/train2017/000000053289.jpg", "height": 512, "width": 640, "date_captured": "2013-11-17 15:48:25", "flickr_url": "http://farm3.staticflickr.com/2731/4308417350_63019dae36_z.jpg", "id": 53289}, {"license": 3, "file_name": "000000344702.jpg", "coco_url": "http://images.cocodataset.org/train2017/000000344702.jpg", "height": 457, "width": 640, "date_captured": "2013-11-17 15:36:02", "flickr_url": "http://farm2.staticflickr.com/1306/820435723_aa531cf972_z.jpg", "id": 344702}, {"license": 1, "file_name": "000000570995.jpg", "coco_url": "http://images.cocodataset.org/train2017/000000570995.jpg", "height": 357, "width": 500, "date_captured": "2013-11-17 15:59:43", "flickr_url": "http://farm4.staticflickr.com/3458/3313604934_c23fdbee82_z.jpg", "id": 570995}, {"license": 2, "file_name": "000000349776.jpg", "coco_url": "http://images.cocodataset.org/train2017/000000349776.jpg", "height": 503, "width": 640, "date_captured": "2013-11-17 15:59:57", "flickr_url": "http://farm1.staticflickr.com/192/480954223_1dfc50a5b2_z.jpg", "id": 349776}, {"license": 2, "file_name": "000000557543.jpg", "coco_url": "http://images.cocodataset.org/train2017/000000557543.jpg", "height": 333, "width": 500, "date_captured": "2013-11-17 15:54:53", "flickr_url": "http://farm1.staticflickr.com/102/277947910_8c35d87a98_z.jpg", "id": 557543}, {"license": 3, "file_name": "000000381605.jpg", "coco_url": "http://images.cocodataset.org/train2017/000000381605.jpg", "height": 375, "width": 500, "date_captured": "2013-11-17 15:56:40", "flickr_url": "http://farm3.staticflickr.com/2212/2062685197_f9306b1bee_z.jpg", "id": 381605}, {"license": 3, "file_name": "000000136373.jpg", "coco_url": "http://images.cocodataset.org/train2017/000000136373.jpg", "height": 426, "width": 640, "date_captured": "2013-11-17 16:03:37", "flickr_url": "http://farm1.staticflickr.com/1/1282891_026d937c2e_z.jpg", "id": 136373}, {"license": 3, "file_name": "000000342150.jpg", "coco_url": "http://images.cocodataset.org/train2017/000000342150.jpg", "height": 320, "width": 240, "date_captured": "2013-11-17 15:58:28", "flickr_url": "http://farm1.staticflickr.com/176/412411472_3a22b793a6_z.jpg", "id": 342150}, {"license": 5, "file_name": "000000168963.jpg", "coco_url": "http://images.cocodataset.org/train2017/000000168963.jpg", "height": 399, "width": 640, "date_captured": "2013-11-18 05:21:58", "flickr_url": "http://farm5.staticflickr.com/4082/4803367937_0eb0b4e835_z.jpg", "id": 168963}, {"license": 4, "file_name": "000000055607.jpg", "coco_url": "http://images.cocodataset.org/train2017/000000055607.jpg", "height": 434, "width": 640, "date_captured": "2013-11-21 00:31:26", "flickr_url": "http://farm9.staticflickr.com/8515/8593191412_c1aa24d450_z.jpg", "id": 55607}, {"license": 5, "file_name": "000000018155.jpg", "coco_url": "http://images.cocodataset.org/train2017/000000018155.jpg", "height": 333, "width": 500, "date_captured": "2013-11-17 19:34:12", "flickr_url": "http://farm3.staticflickr.com/2788/4382095401_5e71c0df9f_z.jpg", "id": 18155}, {"license": 2, "file_name": "000000273885.jpg", "coco_url": "http://images.cocodataset.org/train2017/000000273885.jpg", "height": 332, "width": 500, "date_captured": "2013-11-17 15:48:09", "flickr_url": "http://farm3.staticflickr.com/2495/3911369005_159d9b4fdc_z.jpg", "id": 273885}, {"license": 5, "file_name": "000000117108.jpg", "coco_url": "http://images.cocodataset.org/train2017/000000117108.jpg", "height": 640, "width": 425, "date_captured": "2013-11-18 05:57:33", "flickr_url": "http://farm2.staticflickr.com/1295/4692543038_b4b80ccab2_z.jpg", "id": 117108}, {"license": 2, "file_name": "000000396039.jpg", "coco_url": "http://images.cocodataset.org/train2017/000000396039.jpg", "height": 512, "width": 640, "date_captured": "2013-11-18 00:09:44", "flickr_url": "http://farm1.staticflickr.com/227/492061865_466907b76b_z.jpg", "id": 396039}, {"license": 1, "file_name": "000000116503.jpg", "coco_url": "http://images.cocodataset.org/train2017/000000116503.jpg", "height": 390, "width": 500, "date_captured": "2013-11-18 08:41:11", "flickr_url": "http://farm1.staticflickr.com/134/332943231_5054919f51_z.jpg", "id": 116503}, {"license": 4, "file_name": "000000161617.jpg", "coco_url": "http://images.cocodataset.org/train2017/000000161617.jpg", "height": 480, "width": 640, "date_captured": "2013-11-18 08:35:06", "flickr_url": "http://farm1.staticflickr.com/50/150324104_97d2122a44_z.jpg", "id": 161617}, {"license": 4, "file_name": "000000532975.jpg", "coco_url": "http://images.cocodataset.org/train2017/000000532975.jpg", "height": 221, "width": 360, "date_captured": "2013-11-17 15:59:17", "flickr_url": "http://farm1.staticflickr.com/148/417852540_716fdb9416_z.jpg", "id": 532975}, {"license": 4, "file_name": "000000562458.jpg", "coco_url": "http://images.cocodataset.org/train2017/000000562458.jpg", "height": 427, "width": 640, "date_captured": "2013-11-17 15:58:37", "flickr_url": "http://farm4.staticflickr.com/3731/9562904997_39808fbedf_z.jpg", "id": 562458}, {"license": 4, "file_name": "000000086205.jpg", "coco_url": "http://images.cocodataset.org/train2017/000000086205.jpg", "height": 425, "width": 640, "date_captured": "2013-11-17 16:01:37", "flickr_url": "http://farm6.staticflickr.com/5103/5621569209_c8f1955340_z.jpg", "id": 86205}, {"license": 2, "file_name": "000000499656.jpg", "coco_url": "http://images.cocodataset.org/train2017/000000499656.jpg", "height": 428, "width": 640, "date_captured": "2013-11-17 16:03:19", "flickr_url": "http://farm9.staticflickr.com/8442/8017925863_58db5d3c91_z.jpg", "id": 499656}, {"license": 2, "file_name": "000000001319.jpg", "coco_url": "http://images.cocodataset.org/train2017/000000001319.jpg", "height": 600, "width": 518, "date_captured": "2013-11-17 16:03:24", "flickr_url": "http://farm9.staticflickr.com/8040/8017130856_1b46b5f5fc_z.jpg", "id": 1319}, {"license": 1, "file_name": "000000220053.jpg", "coco_url": "http://images.cocodataset.org/train2017/000000220053.jpg", "height": 333, "width": 500, "date_captured": "2013-11-18 06:12:56", "flickr_url": "http://farm4.staticflickr.com/3286/3143017888_b18f27ed58_z.jpg", "id": 220053}, {"license": 6, "file_name": "000000476173.jpg", "coco_url": "http://images.cocodataset.org/train2017/000000476173.jpg", "height": 640, "width": 480, "date_captured": "2013-11-17 15:49:26", "flickr_url": "http://farm3.staticflickr.com/2666/4399280973_c7bd805538_z.jpg", "id": 476173}, {"license": 3, "file_name": "000000531983.jpg", "coco_url": "http://images.cocodataset.org/train2017/000000531983.jpg", "height": 313, "width": 500, "date_captured": "2013-11-18 15:07:58", "flickr_url": "http://farm3.staticflickr.com/2698/4253934073_bbbde2b6b5_z.jpg", "id": 531983}, {"license": 1, "file_name": "000000033111.jpg", "coco_url": "http://images.cocodataset.org/train2017/000000033111.jpg", "height": 335, "width": 500, "date_captured": "2013-11-17 15:49:52", "flickr_url": "http://farm2.staticflickr.com/1330/992202982_0c41e6c141_z.jpg", "id": 33111}, {"license": 3, "file_name": "000000179392.jpg", "coco_url": "http://images.cocodataset.org/val2017/000000179392.jpg", "height": 640, "width": 480, "date_captured": "2013-11-18 04:07:31", "flickr_url": "http://farm5.staticflickr.com/4027/4329554124_1ce02506f8_z.jpg", "id": 179392}], "annotations": [{"segmentation": [[229.48, 297.46, 200.05, 314.7, 198.99, 325.21, 212.58, 361.54, 218.13, 372.92, 228.39, 376.52, 238.65, 372.64, 238.93, 372.08, 242.26, 367.09, 237.27, 352.95, 233.38, 343.52, 253.08, 349.9, 247.53, 327.99, 249.47, 317.72, 261.95, 299.14, 285.53, 273.62, 299.67, 268.91, 319.36, 258.92, 330.73, 256.15, 342.38, 255.6, 369.84, 263.36, 385.65, 272.51, 406.45, 287.49, 426.7, 326.88, 422.82, 352.95, 422.82, 359.05, 424.2, 364.32, 419.49, 364.32, 413.66, 371.53, 393.97, 378.46, 382.32, 382.9, 367.9, 400.1, 369.01, 404.81, 369.01, 404.81, 374.83, 411.47, 382.88, 411.47, 385.65, 417.85, 391.47, 422.56, 401.18, 425.61, 409.5, 422.01, 415.6, 414.8, 423.65, 408.14, 444.17, 387.89, 474.13, 368.2, 493.82, 357.66, 528.49, 323.55, 545.05, 290.66, 527.21, 233.95, 490.25, 189.99, 428.44, 161.31, 387.66, 151.12, 340.44, 152.98, 306.61, 153.53, 262.79, 155.48, 235.05, 158.53, 202.6, 159.91, 195.67, 165.74, 185.13, 163.8, 176.25, 169.07, 170.15, 160.19, 157.39, 160.75, 131.04, 177.94, 123.56, 186.54, 123.56, 186.54, 121.61, 204.01, 119.95, 228.14, 121.34, 240.07, 129.93, 251.44, 133.82, 256.71, 136.87, 276.12, 141.58, 290.27, 154.62, 291.1, 167.93, 289.16, 182.08, 276.96, 192.34, 266.69, 195.94, 263.92, 207.32, 277.51, 227.01, 282.78, 237.55, 280.84]], "area": 60228.7593, "iscrowd": 0, "image_id": 283471, "bbox": [119.95, 151.12, 425.1, 274.49], "category_id": 2, "id": 2471}, {"segmentation": [[43.11, 330.92, 40.45, 253.76, 44.88, 188.14, 45.77, 157.98, 61.74, 141.13, 103.42, 121.62, 161.95, 121.62, 201.86, 146.45, 216.05, 180.15, 236.45, 209.42, 280.79, 234.25, 293.21, 250.22, 287.0, 285.69, 255.96, 308.75, 224.03, 324.71, 203.63, 355.75, 179.69, 393.0, 163.73, 419.61, 165.5, 429.36, 114.06, 429.36, 41.34, 429.36]], "area": 55453.277, "iscrowd": 0, "image_id": 177529, "bbox": [40.45, 121.62, 252.76, 307.74], "category_id": 2, "id": 2617}, {"segmentation": [[47.48, 169.98, 55.48, 168.13, 63.49, 168.13, 102.89, 176.75, 107.2, 179.22, 111.51, 180.45, 138.6, 187.84, 147.83, 198.3, 150.3, 205.07, 154.61, 211.23, 156.45, 214.93, 158.3, 218.62, 162.61, 222.31, 163.84, 224.78, 167.54, 229.7, 169.38, 234.01, 173.69, 238.32, 174.92, 242.01, 176.15, 246.94, 176.77, 249.4, 176.77, 251.87, 176.77, 251.87, 177.39, 254.33, 176.15, 256.17, 173.69, 264.18, 171.23, 269.1, 170.0, 269.72, 165.69, 273.41, 161.38, 276.49, 160.15, 276.49, 158.3, 274.03, 156.45, 271.57, 151.53, 276.49, 149.07, 278.34, 138.6, 277.72, 136.75, 278.34, 133.06, 277.72, 129.36, 276.49, 128.13, 275.26, 124.44, 269.72, 123.82, 267.26, 121.98, 262.33, 120.13, 255.56, 113.97, 248.17, 113.97, 248.17, 112.74, 254.33, 113.36, 256.79, 115.2, 262.95, 118.28, 267.26, 119.51, 270.33, 121.36, 274.03, 121.98, 277.11, 125.05, 283.26, 121.36, 281.42, 119.51, 279.57, 114.59, 281.42, 112.13, 282.03, 108.43, 282.03, 107.2, 282.65, 104.74, 282.65, 103.51, 282.65, 99.2, 281.42, 99.81, 277.11, 99.81, 272.18, 97.35, 263.56, 93.04, 258.02, 91.81, 253.1, 87.5, 237.09, 87.5, 237.09, 87.5, 237.09, 85.04, 235.86, 76.42, 235.24, 77.65, 243.25, 77.65, 245.71, 78.26, 246.32, 78.88, 246.94, 77.03, 246.32, 78.26, 248.79, 79.5, 250.63, 82.57, 253.1, 82.57, 253.71, 88.73, 257.41, 89.96, 262.33, 90.58, 263.56, 88.73, 265.41, 87.5, 265.41, 86.27, 266.64, 85.04, 266.64, 80.73, 268.49, 80.11, 268.49, 79.5, 268.49, 78.26, 268.49, 77.65, 267.87, 71.49, 269.1, 70.88, 267.87, 61.64, 250.02, 61.64, 249.4, 61.64, 246.94, 61.64, 244.48, 61.64, 242.01, 61.64, 238.32, 61.03, 235.86, 62.26, 231.55, 62.26, 230.32, 61.03, 229.7, 57.95, 226.62, 56.1, 226.01, 55.48, 227.85, 50.56, 237.09, 52.41, 238.32, 50.56, 242.63, 50.56, 248.17, 50.56, 249.4, 50.56, 253.71, 52.41, 254.94, 54.25, 257.41, 53.64, 259.87, 62.87, 268.49, 64.1, 269.1, 70.26, 269.1, 72.11, 269.1, 70.88, 269.72, 70.88, 271.57, 66.57, 274.64, 62.26, 274.64, 53.02, 274.64, 33.55, 256.79, 32.94, 254.33, 32.32, 253.1, 31.09, 252.48, 28.63, 245.71, 29.86, 238.94, 29.86, 237.09, 32.94, 231.55, 33.55, 226.01, 33.55, 219.85, 32.32, 215.54, 31.71, 212.46, 29.86, 208.15, 28.01, 206.92, 29.86, 192.76, 32.32, 185.37, 32.94, 181.06, 34.17, 177.99, 35.4, 176.14, 42.17, 173.06, 42.17, 173.06, 47.1, 170.6, 51.41, 170.6]], "area": 11735.60485000001, "iscrowd": 0, "image_id": 349776, "bbox": [28.01, 168.13, 149.38, 115.13], "category_id": 2, "id": 4967}, {"segmentation": [[255.1, 76.24, 272.45, 62.51, 297.74, 65.4, 317.25, 70.46, 333.15, 78.41, 343.99, 89.97, 346.88, 100.09, 349.05, 105.87, 359.17, 111.65, 366.39, 113.82, 375.79, 112.38, 390.24, 112.38, 405.42, 117.43, 418.43, 121.05, 428.54, 129.72, 425.65, 138.39, 424.21, 139.11, 438.66, 143.45, 445.89, 151.4, 456.73, 145.62, 460.34, 145.62, 464.68, 166.58, 462.51, 180.31, 463.96, 191.15, 443.0, 196.21, 434.33, 180.31, 420.6, 168.74, 397.47, 177.42, 368.56, 180.31, 367.12, 188.98, 370.01, 197.65, 376.51, 188.98, 390.24, 188.98, 401.81, 191.87, 410.48, 199.82, 418.43, 210.66, 408.31, 225.11, 413.37, 230.89, 427.1, 232.34, 441.55, 236.68, 456.01, 238.84, 459.62, 239.57, 466.85, 255.46, 462.51, 260.52, 457.45, 267.03, 422.76, 261.25, 412.65, 252.57, 393.86, 246.79, 368.56, 243.18, 357.0, 238.12, 345.44, 243.18, 328.82, 254.74, 314.36, 265.58, 284.01, 280.04, 265.94, 283.65, 247.88, 287.98, 259.44, 308.94, 244.99, 318.34, 237.76, 318.34, 224.75, 316.89, 209.57, 311.83, 210.3, 297.38, 211.74, 290.88, 205.24, 288.71, 190.06, 288.71, 182.84, 284.37, 172.72, 277.87, 181.39, 254.02, 188.62, 228.73, 184.28, 211.38, 184.28, 201.99, 183.56, 180.31, 183.56, 155.01, 185.73, 142.01, 195.12, 129.72, 199.46, 114.54, 200.9, 108.04, 206.68, 102.98, 220.41, 97.2, 231.98, 95.75, 246.43, 82.75]], "area": 44443.743, "iscrowd": 0, "image_id": 570995, "bbox": [172.72, 62.51, 294.13, 255.83], "category_id": 2, "id": 6289}, {"segmentation": [[315.47, 580.13, 345.21, 586.59, 381.41, 578.84, 394.34, 558.15, 415.03, 549.1, 385.29, 519.36, 354.26, 498.68, 324.53, 515.48, 302.55, 541.34, 311.6, 572.37, 318.06, 574.96]], "area": 6125.2921, "iscrowd": 0, "image_id": 183757, "bbox": [302.55, 498.68, 112.48, 87.91], "category_id": 2, "id": 8312}, {"segmentation": [[430.18, 51.92, 437.9, 46.4, 443.42, 47.5, 452.24, 51.92, 463.27, 62.95, 467.68, 65.15, 478.72, 65.15, 485.33, 67.36, 493.05, 73.98, 497.47, 82.8, 505.19, 96.04, 511.81, 105.96, 517.32, 118.1, 526.15, 137.95, 528.35, 155.6, 516.22, 187.59, 504.08, 198.62, 498.57, 199.72, 498.57, 215.16, 508.5, 229.5, 537.18, 328.78, 537.18, 332.09, 548.21, 350.84, 557.03, 355.25, 570.27, 380.62, 572.47, 385.03, 571.37, 398.27, 555.93, 401.58, 550.41, 401.58, 540.48, 392.75, 538.28, 387.24, 534.97, 378.41, 533.87, 364.07, 528.35, 347.53, 519.53, 329.88, 512.91, 317.75, 502.98, 306.72, 465.48, 282.45, 422.46, 276.93, 397.09, 273.63, 367.31, 271.42, 349.66, 274.73, 344.15, 287.96, 365.1, 307.82, 377.24, 340.91, 381.65, 362.97, 388.27, 455.63, 380.55, 464.45, 375.03, 466.66, 358.48, 468.86, 348.56, 467.76, 345.25, 466.66, 337.53, 457.83, 328.7, 443.49, 327.6, 436.87, 326.5, 421.43, 324.29, 399.37, 318.78, 378.41, 303.33, 336.5, 298.92, 325.47, 293.41, 303.41, 284.58, 294.58, 282.38, 284.66, 287.89, 258.18, 307.75, 254.87, 323.19, 244.95, 323.19, 241.64, 329.81, 229.5, 328.7, 211.86, 328.7, 210.75, 328.7, 197.52, 327.6, 195.31, 323.19, 195.31, 317.67, 193.1, 312.16, 186.49, 311.05, 183.18, 311.05, 179.87, 312.16, 177.66, 324.29, 173.25, 330.91, 182.07, 334.22, 187.59, 337.53, 188.69, 343.04, 190.9, 347.45, 183.18, 354.07, 183.18, 357.38, 180.97, 361.79, 174.35, 364.0, 172.15, 366.21, 169.94, 371.72, 163.32, 371.72, 163.32, 372.82, 148.98, 372.82, 144.57, 370.62, 134.64, 364.0, 109.27, 355.18, 89.42, 360.69, 82.8, 366.21, 77.29, 377.24, 65.15, 384.96, 61.84, 392.68, 59.64, 402.61, 57.43, 409.22, 57.43, 412.53, 56.33, 418.05, 55.23, 422.46, 53.02, 424.67, 53.02, 435.7, 47.5]], "area": 52265.1262, "iscrowd": 0, "image_id": 209419, "bbox": [282.38, 46.4, 290.09, 422.46], "category_id": 2, "id": 9869}, {"segmentation": [[325.82, 148.17, 367.19, 100.59, 376.5, 75.77, 366.16, 40.6, 315.47, 13.71, 303.06, 1.29, 177.91, 3.36, 153.08, 26.12, 131.36, 40.6, 107.57, 38.53, 103.43, 49.91, 94.13, 59.22, 54.82, 65.42, 2.07, 86.11, 1.03, 395.38, 12.41, 368.48, 28.96, 355.04, 44.48, 327.11, 82.75, 318.84, 102.4, 315.73, 108.61, 330.21, 153.08, 327.11, 168.6, 339.52, 285.48, 311.6, 311.34, 292.98, 298.93, 261.95, 293.75, 235.05, 307.2, 181.27, 308.23, 177.13]], "area": 97184.78464999999, "iscrowd": 0, "image_id": 53289, "bbox": [1.03, 1.29, 375.47, 394.09], "category_id": 2, "id": 10476}, {"segmentation": [[96.97, 408.57, 103.43, 400.81, 99.56, 382.71, 98.26, 355.56, 103.43, 333.58, 100.85, 314.18, 102.14, 288.32, 116.36, 223.68, 115.07, 204.28, 115.07, 174.55, 89.21, 173.25, 94.38, 165.49, 125.41, 147.39, 186.18, 147.39, 218.51, 156.44, 221.09, 168.08, 223.68, 182.3, 215.92, 196.53, 212.04, 191.35, 196.53, 205.58, 201.7, 228.85, 192.65, 232.73, 181.01, 224.97, 152.57, 223.68, 152.57, 237.9, 155.15, 310.3, 155.15, 324.53, 175.84, 340.04, 170.67, 374.95, 170.67, 407.27, 155.15, 411.15, 160.32, 396.93, 160.32, 356.85, 134.46, 355.56, 139.64, 405.98, 139.64, 407.27, 120.24, 412.44, 120.24, 382.71, 111.19, 408.57]], "area": 17127.995949999997, "iscrowd": 0, "image_id": 516194, "bbox": [89.21, 147.39, 134.47, 265.05], "category_id": 2, "id": 13620}, {"segmentation": [[228.76, 505.12, 268.43, 456.2, 314.71, 433.72, 334.55, 427.11, 353.06, 427.11, 371.57, 427.11, 353.06, 444.3, 354.38, 465.45, 370.25, 482.64, 358.35, 489.26, 363.64, 498.51, 359.67, 501.16, 323.97, 515.7, 305.45, 540.83, 306.78, 560.66, 302.81, 565.95, 292.23, 552.73, 268.43, 555.37, 252.56, 554.05, 245.95, 546.12, 234.05, 550.08, 230.08, 531.57, 230.08, 506.45]], "area": 11403.158900000004, "iscrowd": 0, "image_id": 183757, "bbox": [228.76, 427.11, 142.81, 138.84], "category_id": 2, "id": 15994}, {"segmentation": [[358.45, 370.4, 373.91, 381.73, 409.96, 375.55, 426.44, 350.83, 426.44, 312.72, 400.69, 279.76, 354.33, 256.07, 324.46, 255.04, 290.47, 276.67, 260.6, 297.27, 244.12, 332.29, 269.87, 384.82, 292.53, 412.64, 314.16, 423.97, 339.91, 418.82, 344.03, 415.73, 374.94, 436.33, 393.48, 437.36, 393.48, 421.91, 380.09, 414.7, 356.39, 409.55, 350.21, 402.33, 348.15, 389.97, 354.33, 378.64]], "area": 21349.901800000003, "iscrowd": 0, "image_id": 283471, "bbox": [244.12, 255.04, 182.32, 182.32], "category_id": 1, "id": 46322}, {"segmentation": [[148.13, 271.82, 120.81, 258.88, 122.25, 225.8, 148.13, 198.47, 182.65, 184.09, 228.67, 205.66, 264.63, 222.92, 317.84, 235.87, 372.49, 247.37, 415.64, 254.56, 422.83, 241.62, 444.4, 211.42, 471.73, 192.72, 474.61, 171.15, 478.92, 145.26, 454.47, 120.81, 460.22, 87.73, 507.69, 100.67, 559.46, 153.89, 559.46, 195.6, 562.34, 250.25, 527.82, 306.34, 499.06, 322.16, 478.92, 335.1, 490.43, 376.81, 457.35, 417.08, 455.91, 438.65, 448.72, 465.98, 465.98, 519.19, 438.65, 579.6, 405.57, 593.98, 358.11, 593.98, 309.21, 602.61, 310.65, 547.96, 336.54, 533.57, 330.79, 483.24, 313.53, 447.28, 300.58, 447.28, 284.76, 447.28, 274.7, 460.22, 267.51, 500.49, 263.19, 526.38, 254.56, 545.08, 248.81, 560.9, 238.74, 576.72, 221.48, 585.35, 204.22, 582.47, 182.65, 568.09, 182.65, 527.82, 179.78, 494.74, 175.46, 476.04, 174.02, 422.83, 168.27, 402.7, 161.08, 369.62, 161.08, 333.66, 161.08, 316.4, 161.08, 289.08, 161.08, 279.01, 149.57, 268.94, 143.82, 263.19]], "area": 119149.81660000002, "iscrowd": 0, "image_id": 516194, "bbox": [120.81, 87.73, 441.53, 514.88], "category_id": 1, "id": 48668}, {"segmentation": [[291.14, 193.02, 313.97, 215.85, 323.54, 221.74, 338.27, 221.74, 350.78, 229.84, 352.26, 233.52, 380.24, 224.69, 382.45, 226.89, 378.76, 241.62, 375.82, 254.87, 374.35, 274.02, 378.03, 286.54, 388.34, 294.64, 383.18, 305.68, 377.29, 319.67, 371.4, 327.77, 377.29, 350.59, 384.65, 362.38, 381.71, 373.42, 356.67, 381.52, 338.27, 382.26, 329.43, 362.38, 312.5, 351.33, 303.66, 352.8, 288.2, 342.5, 279.36, 335.13, 275.68, 321.14, 284.52, 304.94, 285.99, 303.47, 276.42, 290.95, 278.63, 278.44, 271.26, 259.29, 277.15, 252.67, 283.04, 236.47, 287.46, 206.28, 291.14, 191.55]], "area": 14433.211350000001, "iscrowd": 0, "image_id": 344702, "bbox": [271.26, 191.55, 117.08, 190.71], "category_id": 1, "id": 49435}, {"segmentation": [[297.29, 246.64, 302.8, 274.17, 312.71, 291.78, 313.81, 298.39, 298.39, 309.4, 277.47, 324.82, 246.64, 317.11, 192.69, 332.52, 175.07, 332.52, 140.94, 332.52, 106.8, 324.82, 72.67, 343.54, 64.96, 369.96, 74.87, 389.78, 133.23, 399.69, 154.15, 391.98, 188.28, 401.89, 262.06, 400.79, 306.1, 404.09, 314.91, 406.3, 278.57, 430.52, 221.32, 450.34, 212.51, 452.54, 208.1, 447.04, 203.7, 434.92, 194.89, 422.81, 172.87, 401.89, 146.44, 396.39, 138.74, 411.8, 137.63, 436.03, 140.94, 440.43, 120.02, 425.02, 115.61, 441.53, 109.01, 450.34, 124.42, 487.78, 143.14, 506.49, 632.02, 505.39, 640.0, 460.25, 640.0, 447.04, 635.32, 389.78, 624.31, 365.56, 600.09, 302.8, 584.67, 270.86, 565.95, 247.74, 517.51, 210.31, 497.69, 198.19, 493.28, 197.09, 462.45, 180.58, 436.03, 149.75, 402.99, 117.82, 367.76, 102.4, 355.65, 120.02, 352.34, 137.63, 340.23, 155.25, 331.42, 168.46, 325.92, 177.27, 320.41, 184.98, 310.5, 192.69, 303.9, 208.1, 297.29, 220.22, 291.78, 227.92, 291.78, 234.53]], "area": 133312.87605000005, "iscrowd": 0, "image_id": 53289, "bbox": [64.96, 102.4, 575.04, 404.09], "category_id": 1, "id": 49489}, {"segmentation": [[130.94, 343.51, 128.04, 336.99, 131.67, 322.51, 142.17, 303.67, 143.98, 291.36, 147.6, 283.03, 145.07, 275.43, 149.05, 263.48, 147.6, 263.48, 137.46, 268.18, 128.77, 265.65, 124.42, 266.73, 119.35, 272.89, 118.27, 276.87, 117.54, 279.77, 113.92, 284.12, 104.14, 284.84, 91.47, 288.1, 80.97, 308.74, 80.6, 335.9, 80.97, 340.61, 80.24, 343.51, 129.13, 343.87]], "area": 3634.3137499999993, "iscrowd": 0, "image_id": 183757, "bbox": [80.24, 263.48, 68.81, 80.39], "category_id": 1, "id": 50169}, {"segmentation": [[300.72, 346.15, 293.15, 333.17, 278.0, 331.01, 265.02, 309.37, 254.2, 299.64, 248.8, 300.72, 256.37, 325.6, 261.78, 331.01, 252.04, 334.25, 208.77, 321.27, 206.61, 313.7, 210.94, 306.13, 194.71, 316.94, 161.18, 320.19, 121.15, 322.35, 104.93, 305.05, 103.85, 298.55, 113.58, 300.72, 138.46, 310.45, 171.99, 307.21, 202.28, 290.98, 229.32, 273.68, 257.45, 259.61, 307.21, 258.53, 326.68, 265.02, 335.33, 263.94, 348.31, 262.86, 362.38, 262.86, 371.03, 269.35, 376.44, 258.53, 373.19, 276.92, 373.19, 276.92, 376.44, 283.41, 376.44, 296.39, 369.95, 303.96, 366.7, 307.21, 366.7, 312.62, 358.05, 318.03, 355.89, 324.52, 355.89, 328.84, 361.29, 332.09, 356.97, 338.58, 350.48, 336.42, 347.23, 335.33, 321.27, 338.58, 318.03, 338.58, 320.19, 347.23, 308.29, 347.23, 303.96, 342.91]], "area": 12229.243949999996, "iscrowd": 0, "image_id": 349776, "bbox": [103.85, 258.53, 272.59, 88.7], "category_id": 1, "id": 50806}, {"segmentation": [[106.72, 265.64, 101.34, 195.77, 95.45, 187.42, 84.85, 198.73, 65.07, 205.79, 41.75, 208.62, 37.52, 41.89, 39.64, 34.83, 62.95, 38.36, 72.84, 38.36, 100.39, 38.36, 130.06, 37.65, 149.14, 37.65, 176.69, 37.65, 224.02, 34.83, 232.5, 46.84, 234.62, 52.49, 230.38, 65.91, 223.32, 78.63, 216.96, 85.69, 212.72, 92.76, 207.07, 96.29, 204.24, 102.65, 202.83, 106.89, 199.3, 113.95, 192.23, 133.03, 187.29, 144.33, 185.87, 155.63, 185.87, 166.23, 183.05, 179.65, 183.05, 190.25, 180.22, 209.33, 180.22, 215.68, 182.34, 224.87, 187.99, 248.32, 176.69, 253.27, 171.04, 251.86, 166.8, 248.32, 156.91, 234.9, 149.84, 208.76, 151.96, 197.46, 151.26, 188.98, 145.61, 167.79, 139.95, 167.08, 136.42, 172.03, 135.72, 185.45, 138.54, 206.64, 139.95, 222.19, 142.07, 245.5, 142.78, 262.45, 142.78, 270.93, 142.78, 275.17, 133.6, 279.41, 125.12, 275.17, 115.93, 272.34, 110.99, 269.52]], "area": 30419.431699999994, "iscrowd": 0, "image_id": 570995, "bbox": [37.52, 34.83, 197.1, 244.58], "category_id": 1, "id": 50942}, {"segmentation": [[325.3, 285.25, 307.5, 275.36, 308.49, 259.54, 309.48, 244.71, 305.52, 238.78, 305.52, 227.9, 313.43, 206.15, 296.62, 182.42, 298.6, 175.5, 314.42, 178.47, 343.09, 186.38, 360.89, 192.31, 412.3, 175.5, 452.84, 171.55, 493.38, 159.68, 554.68, 177.48, 598.19, 219.01, 594.23, 245.7, 579.4, 277.34, 598.19, 316.89, 622.91, 326.78, 627.85, 361.38, 621.92, 392.03, 603.13, 421.7, 596.21, 401.92, 605.11, 368.31, 598.19, 333.7, 574.46, 322.82, 559.63, 288.22, 535.9, 307.99, 526.01, 320.85, 491.4, 326.78, 484.48, 329.74, 466.68, 332.71, 482.5, 313.92, 505.25, 302.06, 483.49, 300.08, 468.66, 316.89, 460.75, 335.68, 443.94, 341.61, 428.12, 335.68, 438.01, 322.82, 447.9, 316.89, 455.81, 282.28, 438.01, 270.42, 422.19, 271.41, 395.5, 258.56, 386.6, 263.5, 370.78, 275.36, 351.99, 275.36, 337.16, 282.28, 326.28, 284.26]], "area": 35611.80875000001, "iscrowd": 0, "image_id": 177529, "bbox": [296.62, 159.68, 331.23, 262.02], "category_id": 1, "id": 52995}, {"segmentation": [[384.09, 369.71, 384.09, 351.22, 372.79, 339.93, 372.79, 325.55, 372.79, 314.25, 384.09, 294.74, 388.19, 288.58, 389.22, 287.55, 388.19, 282.42, 386.14, 277.28, 386.14, 264.96, 388.19, 250.58, 394.36, 236.2, 399.49, 227.99, 405.65, 217.72, 409.76, 211.56, 425.16, 205.39, 429.27, 203.34, 433.38, 203.34, 451.87, 203.34, 453.92, 208.47, 458.03, 216.69, 462.13, 221.82, 463.16, 223.88, 459.05, 355.33, 449.81, 357.38, 447.76, 347.11, 446.73, 339.93, 442.62, 338.9, 440.57, 338.9, 442.62, 346.09, 444.68, 351.22, 443.65, 355.33, 438.51, 359.44, 414.89, 362.52, 397.44, 366.63, 387.17, 368.68]], "area": 11523.211700000003, "iscrowd": 0, "image_id": 344702, "bbox": [372.79, 203.34, 90.37, 166.37], "category_id": 2, "id": 1402718}, {"segmentation": [[348.13, 278.46, 385.7, 269.74, 424.61, 269.07, 452.11, 276.45, 487.66, 293.22, 517.18, 316.03, 532.61, 342.19, 564.81, 357.62, 570.18, 393.84, 555.42, 396.53, 537.31, 390.49, 539.99, 411.96, 537.98, 440.8, 530.6, 454.89, 529.26, 474.34, 516.51, 476.36, 504.44, 472.33, 487.66, 476.36, 472.91, 473.67, 460.83, 464.28, 456.14, 454.22, 451.44, 447.51, 435.34, 437.45, 411.86, 424.03, 400.46, 410.61, 394.42, 390.49, 388.38, 385.79, 381.67, 368.35, 378.32, 332.13, 358.86, 309.99, 352.83, 293.22]], "area": 27468.67875, "iscrowd": 0, "image_id": 209419, "bbox": [348.13, 269.07, 222.05, 207.29], "category_id": 1, "id": 1816530}, {"segmentation": [[295.03, 321.14, 300.12, 330.7, 309.04, 336.44, 319.88, 333.25, 323.06, 326.24, 321.15, 316.68, 314.78, 312.22, 309.68, 302.03, 302.04, 295.66, 302.67, 275.27, 296.94, 251.05, 290.57, 241.5, 292.48, 231.94, 292.48, 218.56, 298.21, 208.36, 294.39, 189.88, 274.0, 159.3, 261.89, 149.1, 259.34, 135.72, 255.52, 120.43, 251.06, 113.42, 241.5, 127.44, 233.22, 137.0, 202.63, 132.54, 175.24, 140.82, 161.85, 144.64, 160.58, 147.19, 139.55, 138.91, 136.37, 141.46, 139.55, 151.65, 144.65, 160.57, 144.65, 166.94, 138.28, 177.14, 133.18, 196.25, 134.46, 220.47, 146.56, 259.97, 162.49, 279.09, 188.62, 298.61, 213.47, 309.44, 242.78, 319.0, 252.97, 306.25, 268.26, 295.42, 277.82, 304.98, 272.09, 314.54, 274.0, 322.82, 284.83, 322.82, 293.75, 320.71]], "area": 25659.579200000004, "iscrowd": 0, "image_id": 306395, "bbox": [133.18, 113.42, 189.88, 223.02], "category_id": 2, "id": 4778}, {"segmentation": [[427.35, 277.36, 416.0, 266.01, 388.13, 250.52, 362.32, 229.88, 352.0, 225.75, 354.06, 190.65, 361.29, 183.43, 374.71, 168.97, 386.06, 159.68, 407.74, 147.3, 423.23, 149.36, 437.68, 152.46, 468.65, 173.1, 477.94, 193.75, 502.71, 214.39, 514.06, 228.85, 509.94, 241.23, 502.71, 256.72, 491.35, 269.1, 485.16, 271.17, 485.16, 279.43, 474.84, 286.65, 459.35, 291.81, 429.42, 279.43]], "area": 14653.01605, "iscrowd": 0, "image_id": 306395, "bbox": [352.0, 147.3, 162.06, 144.51], "category_id": 1, "id": 47272}, {"segmentation": [[167.68, 160.97, 148.23, 164.32, 132.8, 167.01, 121.4, 161.64, 114.02, 164.32, 119.39, 181.76, 122.07, 192.49, 117.37, 204.57, 97.92, 207.92, 91.89, 201.88, 94.57, 191.15, 95.91, 183.1, 92.56, 169.02, 91.22, 158.29, 95.24, 147.56, 97.25, 140.18, 97.25, 132.13, 99.94, 123.41, 99.94, 114.69, 100.61, 104.63, 105.97, 95.91, 97.25, 83.84, 99.94, 75.79, 107.98, 64.39, 120.73, 61.71, 128.78, 55.67, 138.84, 55.67, 146.21, 56.34, 158.96, 61.71, 171.03, 66.4, 175.73, 79.14, 185.79, 76.46, 201.21, 77.13, 209.93, 85.85, 224.69, 97.25, 221.33, 116.03, 221.33, 118.72, 189.14, 112.01, 199.87, 134.81, 171.7, 148.9]], "area": 10944.780349999997, "iscrowd": 0, "image_id": 273885, "bbox": [91.22, 55.67, 133.47, 152.25], "category_id": 2, "id": 2595}, {"segmentation": [[480.0, 554.67, 443.47, 530.1, 443.47, 522.34, 404.69, 512.0, 354.26, 495.19, 340.04, 495.19, 323.23, 490.02, 309.01, 492.61, 293.49, 492.61, 285.74, 491.31, 266.34, 502.95, 232.73, 484.85, 196.53, 462.87, 177.13, 434.42, 129.29, 425.37, 115.07, 412.44, 112.48, 403.39, 117.66, 394.34, 133.17, 395.64, 157.74, 399.52, 186.18, 399.52, 201.7, 404.69, 221.09, 418.91, 212.04, 372.36, 191.35, 372.36, 177.13, 324.53, 155.15, 312.89, 151.27, 289.62, 166.79, 275.39, 169.37, 275.39, 181.01, 256.0, 214.63, 254.71, 241.78, 254.71, 281.86, 270.22, 311.6, 287.03, 337.45, 296.08, 382.71, 315.47, 417.62, 323.23, 447.35, 327.11, 479.68, 341.33, 478.38, 552.08]], "area": 63771.40490000001, "iscrowd": 0, "image_id": 476173, "bbox": [112.48, 254.71, 367.52, 299.96], "category_id": 2, "id": 2599}, {"segmentation": [[31.68, 144.59, 31.68, 132.46, 28.99, 124.37, 28.99, 116.95, 33.7, 114.93, 39.1, 118.98, 47.86, 122.35, 56.62, 117.63, 64.71, 118.3, 68.76, 129.09, 95.72, 135.83, 124.71, 133.81, 139.54, 139.2, 146.95, 147.96, 148.97, 160.77, 140.88, 165.49, 141.56, 178.97, 133.47, 218.74, 135.49, 241.66, 128.75, 243.01, 115.27, 241.66, 115.94, 238.29, 122.68, 228.18, 123.36, 213.35, 93.7, 192.45, 88.31, 191.78, 85.61, 203.91, 82.24, 217.39, 74.82, 233.57, 65.39, 232.9, 57.97, 235.59, 51.9, 232.9, 60.67, 227.51, 62.02, 218.74, 64.04, 209.98, 67.41, 198.52, 72.13, 189.08, 65.39, 183.02, 57.3, 174.25, 50.56, 167.51, 45.84, 158.75, 36.4, 149.31]], "area": 7830.461899999999, "iscrowd": 0, "image_id": 220053, "bbox": [28.99, 114.93, 119.98, 128.08], "category_id": 2, "id": 3497}, {"segmentation": [[101.25, 300.94, 93.34, 293.03, 88.66, 271.44, 85.78, 258.13, 83.99, 251.29, 96.94, 233.3, 93.7, 216.75, 78.23, 180.41, 74.58, 163.05, 78.24, 151.01, 57.84, 154.68, 46.85, 152.58, 18.12, 121.72, 19.97, 116.18, 29.66, 116.18, 53.68, 136.04, 61.06, 140.19, 92.92, 124.03, 112.78, 117.57, 125.25, 116.18, 158.03, 117.1, 186.2, 116.18, 214.36, 113.41, 244.38, 104.18, 262.85, 98.17, 266.54, 93.09, 256.85, 76.93, 255.0, 70.93, 255.46, 67.24, 258.69, 64.93, 264.23, 63.08, 273.47, 64.47, 288.71, 74.62, 317.8, 68.62, 319.18, 62.62, 323.34, 55.69, 329.8, 56.15, 335.8, 58.92, 341.81, 64.47, 344.58, 67.7, 344.12, 71.85, 341.81, 75.55, 341.35, 78.32, 335.34, 84.78, 333.96, 89.4, 331.19, 96.33, 332.57, 97.25, 329.8, 104.64, 329.34, 118.03, 331.19, 121.26, 326.57, 130.03, 314.56, 133.73, 310.87, 130.5, 303.94, 144.35, 300.25, 151.74, 297.02, 158.66, 294.71, 164.2, 293.32, 171.13, 290.7, 187.28, 288.02, 192.65, 287.35, 210.11, 286.68, 223.53, 285.33, 251.06, 286.68, 257.77, 288.02, 261.8, 301.45, 263.82, 303.46, 268.51, 299.43, 275.23, 292.05, 276.57, 290.03, 277.91, 287.35, 278.59, 284.66, 278.59, 283.32, 277.24, 281.3, 275.9, 279.96, 271.2, 277.95, 265.16, 276.6, 260.46, 275.93, 257.1, 272.58, 259.12, 270.56, 259.12, 270.56, 255.76, 271.91, 253.07, 272.58, 251.06, 272.58, 244.35, 261.16, 205.41, 257.81, 193.32, 246.39, 196.01, 211.48, 195.34, 173.21, 183.92, 148.37, 186.61, 135.62, 204.06, 130.92, 212.12, 128.23, 224.2, 122.19, 233.6, 115.48, 243.67, 108.76, 249.72, 105.41, 252.4, 104.73, 258.44, 100.03, 271.2, 102.72, 279.26, 106.75, 285.3, 114.8, 289.33, 117.49, 291.34, 119.5, 294.03, 116.15, 295.37, 114.13, 296.71, 111.45, 298.73, 104.06, 299.4], [91.31, 212.12, 85.94, 217.49, 84.59, 225.55, 87.28, 230.92, 89.29, 232.93, 92.65, 234.95, 96.01, 235.62, 96.68, 235.62, 98.02, 235.62, 93.99, 218.83, 91.31, 210.11]], "area": 26851.60474999999, "iscrowd": 0, "image_id": 557543, "bbox": [18.12, 55.69, 326.46, 245.25], "category_id": 2, "id": 3650}, {"segmentation": [[164.33, 230.55, 183.1, 221.79, 203.96, 218.45, 224.4, 215.53, 239.0, 213.03, 234.83, 210.11, 213.14, 208.02, 190.19, 204.68, 168.5, 214.7, 160.15, 218.03, 163.49, 210.11, 177.26, 208.44, 171.42, 203.02, 166.41, 198.84, 163.49, 197.17, 160.15, 189.67, 165.16, 179.65, 160.15, 172.14, 166.83, 171.73, 182.26, 170.89, 186.02, 164.63, 190.19, 155.46, 181.01, 150.03, 173.92, 140.44, 172.25, 130.43, 159.32, 122.08, 148.06, 119.58, 134.29, 117.91, 115.1, 126.25, 115.1, 139.19, 118.02, 145.44, 107.17, 155.87, 93.41, 175.06, 89.23, 176.73, 76.3, 183.41, 68.37, 187.16, 57.53, 191.75, 42.93, 195.51, 30.41, 200.51, 25.82, 207.19, 19.15, 218.45, 18.31, 228.46, 21.65, 238.89, 29.99, 245.15, 46.68, 242.65, 75.47, 245.15, 98.41, 245.15, 126.36, 250.57, 126.36, 250.57, 145.55, 245.15, 163.07, 243.48, 186.44, 236.39, 207.71, 235.56, 233.16, 243.48, 241.5, 248.07, 251.93, 238.89, 242.75, 234.3, 231.07, 232.63, 214.8, 224.71, 209.8, 223.04, 196.45, 223.87, 173.92, 230.97, 173.92, 230.97, 168.5, 233.05, 163.91, 231.38]], "area": 14350.618450000002, "iscrowd": 0, "image_id": 531983, "bbox": [18.31, 117.91, 233.62, 132.66], "category_id": 2, "id": 3711}, {"segmentation": [[367.63, 292.13, 379.94, 281.87, 375.84, 264.42, 369.68, 264.42, 367.63, 270.58, 356.34, 269.55, 351.21, 284.95, 340.94, 296.24, 330.68, 295.21, 329.65, 276.74, 323.49, 230.55, 321.44, 207.97, 321.44, 198.73, 314.26, 173.07, 321.44, 162.81, 324.52, 143.31, 344.02, 139.2, 363.52, 141.26, 376.87, 148.44, 386.1, 162.81, 388.16, 174.1, 388.16, 180.26, 383.02, 185.39, 386.1, 194.63, 389.18, 209.0, 390.21, 230.55, 396.37, 251.08, 399.45, 267.5, 401.5, 283.92, 389.18, 292.13, 377.89, 294.18, 365.58, 296.24]], "area": 9560.315550000001, "iscrowd": 0, "image_id": 1319, "bbox": [314.26, 139.2, 87.24, 157.04], "category_id": 2, "id": 3960}, {"segmentation": [[0.79, 140.9, 14.18, 147.99, 23.64, 140.11, 44.12, 131.44, 40.97, 126.72, 35.45, 119.63, 55.94, 121.99, 79.58, 121.99, 107.15, 127.51, 100.85, 119.63, 113.45, 114.11, 130.79, 110.96, 160.73, 115.69, 167.82, 110.17, 163.88, 121.2, 177.27, 136.96, 184.36, 145.63, 180.42, 165.32, 196.97, 188.96, 191.45, 207.87, 175.7, 213.38, 144.18, 212.6, 136.3, 210.23, 127.64, 222.84, 115.03, 232.29, 101.64, 252.78, 96.91, 263.81, 88.24, 262.23, 42.55, 197.63, 0.79, 203.93]], "area": 17954.429200000002, "iscrowd": 0, "image_id": 116503, "bbox": [0.79, 110.17, 196.18, 153.64], "category_id": 2, "id": 4033}, {"segmentation": [[443.28, 331.94, 446.67, 325.84, 451.4, 321.11, 463.59, 305.54, 464.94, 297.42, 471.03, 287.95, 475.09, 280.5, 478.47, 275.09, 484.57, 284.56, 492.69, 287.95, 499.45, 284.56, 494.72, 275.09, 489.98, 266.29, 484.57, 258.84, 479.15, 250.72, 471.71, 240.57, 465.62, 230.42, 450.05, 220.95, 441.25, 220.95, 430.42, 205.38, 422.3, 191.17, 411.47, 178.99, 407.41, 170.87, 399.29, 165.45, 394.56, 159.36, 387.11, 155.3, 381.02, 147.85, 372.22, 141.76, 363.42, 138.38, 351.92, 137.7, 347.18, 125.52, 340.41, 118.08, 332.97, 112.66, 320.11, 100.48, 314.7, 96.42, 309.28, 100.48, 306.58, 112.66, 286.95, 114.02, 273.41, 123.49, 263.94, 128.23, 242.28, 125.52, 240.25, 118.75, 236.87, 128.23, 234.16, 139.73, 236.87, 152.59, 233.48, 162.74, 232.13, 171.54, 233.48, 185.08, 226.72, 199.29, 210.47, 199.29, 206.41, 192.52, 201.68, 185.08, 205.06, 180.34, 208.44, 170.87, 207.77, 164.77, 208.44, 152.59, 209.8, 141.76, 208.44, 128.91, 205.74, 121.46, 206.41, 110.63, 207.09, 99.13, 208.44, 87.62, 211.15, 75.44, 200.32, 74.09, 184.76, 80.85, 174.61, 87.62, 154.3, 94.39, 140.77, 107.93, 138.06, 111.31, 138.74, 119.43, 130.62, 132.29, 127.23, 135.67, 120.46, 124.17, 119.11, 116.05, 119.11, 107.93, 116.4, 101.16, 108.28, 94.39, 95.42, 97.1, 75.8, 111.99, 64.97, 127.55, 58.88, 135.67, 52.11, 146.5, 42.64, 155.3, 23.01, 162.07, 1.35, 166.8, 1.35, 170.87, 1.35, 178.99, 9.47, 180.34, 25.04, 176.28, 37.22, 172.9, 43.99, 172.9, 71.06, 161.39, 81.21, 155.3, 98.81, 158.01, 85.27, 164.77, 81.21, 170.19, 72.41, 173.57, 60.91, 176.28, 54.14, 176.28, 45.34, 173.57, 40.61, 173.57, 0.68, 183.72, 0.0, 202.67, 15.57, 197.26, 27.75, 195.91, 35.87, 193.88, 43.31, 196.58, 59.56, 197.26, 81.21, 198.61, 98.81, 196.58, 108.28, 192.52, 121.82, 192.52, 129.26, 193.2, 134.0, 207.41, 138.06, 217.56, 139.41, 220.95, 125.88, 242.6, 105.58, 271.03, 91.36, 290.65, 81.21, 302.16, 71.06, 308.25, 67.68, 312.99, 51.43, 325.17, 34.52, 327.2, 29.1, 333.29, 93.39, 334.64, 106.25, 325.84, 122.49, 312.31, 132.65, 298.1, 157.01, 272.38, 162.42, 266.29, 166.48, 264.26, 171.22, 266.29, 183.4, 268.32, 169.19, 273.73, 150.92, 287.95, 132.65, 305.54, 120.46, 321.11, 106.93, 333.97, 152.27, 335.0, 157.01, 327.2, 166.48, 320.43, 194.23, 320.43, 217.24, 314.34, 237.55, 311.63, 264.62, 310.28, 282.21, 319.08, 294.39, 317.05, 314.02, 320.43, 320.79, 332.61, 443.28, 332.61]], "area": 73934.71505000001, "iscrowd": 0, "image_id": 33111, "bbox": [0.0, 74.09, 499.45, 260.91], "category_id": 2, "id": 4598}, {"segmentation": [[67.05, 25.04, 65.96, 18.73, 68.57, 15.25, 71.18, 13.94, 74.01, 11.77, 79.89, 11.11, 84.46, 11.11, 89.46, 10.46, 96.64, 12.64, 100.13, 14.38, 103.39, 17.42, 104.48, 19.16, 104.04, 20.91, 102.52, 23.08, 107.96, 23.52, 111.88, 25.69, 115.58, 29.18, 119.06, 31.35, 122.76, 34.4, 126.24, 37.88, 129.51, 41.36, 131.25, 45.93, 132.77, 52.03, 138.0, 54.86, 144.31, 59.21, 147.14, 61.39, 157.37, 65.09, 163.46, 68.57, 169.55, 71.83, 171.29, 74.01, 171.95, 75.75, 170.42, 81.41, 168.47, 83.37, 164.98, 86.63, 163.68, 87.07, 162.37, 88.37, 159.32, 88.59, 157.37, 89.68, 153.88, 92.07, 150.62, 93.6, 146.7, 95.34, 136.25, 97.08, 130.6, 95.56, 125.37, 92.94, 119.71, 92.94, 113.19, 91.86, 108.61, 88.37, 103.39, 88.81, 103.83, 90.33, 102.09, 92.73, 100.34, 93.6, 95.99, 94.68, 93.38, 97.08, 92.73, 100.56, 94.25, 102.08, 95.56, 104.26, 96.43, 108.18, 96.21, 108.4, 94.47, 110.79, 94.25, 113.84, 92.51, 117.75, 92.94, 121.24, 93.82, 128.64, 95.12, 134.51, 96.86, 138.65, 101.22, 140.39, 132.77, 124.72, 141.26, 119.5, 149.31, 114.27, 158.24, 112.1, 167.59, 106.66, 175.43, 103.83, 180.87, 100.78, 187.4, 101.21, 191.97, 100.78, 196.32, 101.43, 190.45, 105.13, 191.1, 109.48, 193.06, 112.1, 195.45, 115.14, 195.23, 116.88, 190.45, 118.19, 180.0, 121.24, 169.55, 124.72, 165.2, 128.2, 160.63, 130.16, 156.93, 131.03, 147.35, 137.78, 132.99, 146.92, 124.94, 152.58, 107.09, 165.85, 99.26, 171.73, 97.52, 176.52, 92.94, 178.91, 86.2, 178.91, 73.79, 171.08, 54.42, 155.19, 40.71, 148.44, 35.27, 146.92, 8.72, 152.58, 1.32, 154.75, 0.57, 56.79, 11.77, 52.48, 21.54, 48.17, 25.56, 48.46, 29.29, 46.45, 33.31, 46.45, 37.05, 43.86, 40.78, 39.56, 43.36, 36.68, 47.67, 34.1, 53.13, 34.39, 55.71, 31.51, 63.47, 29.79, 66.91, 25.2]], "area": 17568.025249999995, "iscrowd": 0, "image_id": 532975, "bbox": [0.57, 10.46, 195.75, 168.45], "category_id": 2, "id": 5506}, {"segmentation": [[163.73, 98.95, 175.8, 101.21, 180.33, 107.25, 186.37, 107.25, 195.42, 105.74, 208.25, 106.5, 213.53, 112.53, 212.78, 120.08, 214.29, 129.89, 216.55, 140.45, 216.55, 147.24, 212.02, 158.56, 205.23, 167.61, 197.69, 176.67, 196.93, 182.7, 187.88, 186.48, 190.14, 194.78, 196.93, 206.85, 188.63, 218.92, 165.24, 216.66, 144.87, 209.11, 132.8, 203.83, 137.32, 200.06, 147.89, 194.78, 156.94, 181.95, 160.71, 173.65, 156.94, 166.1, 134.31, 151.77, 132.8, 148.75, 122.23, 146.49, 112.42, 141.2, 102.62, 136.68, 92.05, 131.4, 77.72, 124.6, 79.98, 118.57, 85.26, 114.8, 98.84, 110.27, 109.41, 111.02, 113.93, 111.02, 119.97, 104.23, 125.25, 101.97, 135.06, 101.21, 146.38, 99.71, 160.71, 99.71]], "area": 8687.964050000002, "iscrowd": 0, "image_id": 381605, "bbox": [77.72, 98.95, 138.83, 119.97], "category_id": 2, "id": 5874}, {"segmentation": [[110.55, 183.41, 115.72, 178.89, 119.6, 194.4, 120.89, 180.83, 122.18, 171.13, 122.18, 161.43, 124.12, 151.09, 126.06, 143.33, 126.06, 136.22, 127.35, 127.82, 129.29, 120.71, 130.59, 111.66, 131.88, 103.25, 135.76, 98.08, 137.7, 83.21, 135.76, 78.04, 135.76, 73.51, 140.93, 68.99, 138.34, 65.11, 137.05, 60.58, 138.34, 56.71, 134.46, 56.06, 133.17, 55.41, 135.11, 52.83, 138.99, 49.59, 143.52, 48.95, 149.33, 47.66, 153.86, 49.59, 160.32, 50.89, 168.08, 54.12, 171.31, 54.77, 175.19, 59.29, 179.07, 63.82, 179.72, 65.11, 172.61, 65.11, 179.72, 68.99, 184.89, 74.81, 182.95, 84.5, 182.3, 85.15, 179.07, 85.8, 177.13, 84.5, 175.19, 80.62, 173.9, 78.69, 172.61, 83.21, 173.9, 87.74, 173.9, 90.32, 173.9, 93.55, 173.9, 96.79, 171.96, 100.02, 173.25, 107.13, 175.84, 112.95, 175.19, 118.77, 175.19, 127.17, 175.19, 136.87, 173.9, 143.33, 173.25, 154.97, 175.84, 164.67, 176.48, 171.78, 175.84, 176.95, 177.13, 186.65, 182.3, 190.52, 182.95, 196.99, 182.95, 204.1, 182.95, 209.92, 182.95, 211.21, 179.72, 215.09, 176.48, 218.32, 172.61, 222.2, 170.67, 224.79, 167.43, 228.67, 158.38, 229.96, 153.86, 232.54, 151.92, 233.19, 148.04, 237.72, 144.81, 247.41, 140.93, 253.88, 138.34, 263.57, 135.76, 266.81, 125.41, 265.51, 129.29, 258.4, 129.29, 251.94, 131.88, 244.18, 133.82, 239.66, 135.76, 235.78, 135.76, 231.25, 135.11, 226.08, 132.53, 223.49, 122.18, 221.55, 118.95, 215.09, 118.3, 209.27, 115.07, 200.22, 113.13, 191.82, 113.13, 187.29]], "area": 9303.796949999998, "iscrowd": 0, "image_id": 342150, "bbox": [110.55, 47.66, 74.34, 219.15], "category_id": 2, "id": 7498}, {"segmentation": [[56.0, 141.75, 64.75, 134.75, 73.5, 119.87, 73.5, 107.63, 75.25, 98.0, 66.5, 98.0, 67.38, 84.0, 75.25, 80.5, 81.38, 78.75, 87.5, 77.0, 98.0, 77.0, 107.63, 73.5, 115.5, 70.88, 139.13, 56.0, 158.38, 55.13, 171.5, 53.38, 187.25, 52.5, 199.5, 55.13, 208.25, 56.0, 210.0, 54.25, 223.13, 52.5, 235.38, 59.5, 248.5, 57.75, 273.0, 67.38, 296.63, 75.25, 306.25, 82.25, 318.5, 104.13, 325.5, 120.75, 331.63, 138.25, 322.88, 147.88, 308.0, 154.0, 290.5, 162.75, 250.25, 173.25, 217.0, 178.5, 187.25, 167.13, 174.13, 164.5, 195.13, 157.5, 210.88, 154.0, 222.25, 151.38, 213.5, 144.38, 196.88, 146.13, 166.25, 140.0, 147.0, 139.13, 130.38, 140.88, 118.13, 140.88, 102.38, 138.25, 84.88, 140.0, 72.63, 140.88, 59.5, 142.63]], "area": 22517.645950000006, "iscrowd": 0, "image_id": 55607, "bbox": [56.0, 52.5, 275.63, 126.0], "category_id": 2, "id": 7739}, {"segmentation": [[30.12, 228.83, 45.67, 209.39, 84.53, 201.62, 129.23, 217.17, 156.44, 226.88, 179.76, 250.2, 182.67, 251.17, 200.16, 231.74, 222.51, 216.19, 240.97, 217.17, 271.09, 202.59, 295.38, 202.59, 324.53, 197.73, 352.71, 202.59, 369.23, 193.85, 369.23, 193.85, 371.17, 190.93, 388.66, 195.79, 425.59, 221.05, 444.05, 241.46, 445.02, 253.12, 433.36, 267.69, 442.11, 298.79, 435.3, 315.3, 435.3, 314.33, 422.67, 317.25, 411.01, 293.93, 411.01, 288.1, 401.3, 289.07, 394.49, 323.08, 393.52, 351.26, 394.49, 369.72, 394.49, 370.69, 53.44, 368.74]], "area": 59855.1112, "iscrowd": 0, "image_id": 161617, "bbox": [30.12, 190.93, 414.9, 179.76], "category_id": 2, "id": 8235}, {"segmentation": [[347.77, 327.36, 361.2, 311.25, 375.3, 307.89, 385.37, 257.54, 398.79, 218.6, 418.26, 176.97, 431.69, 149.45, 431.02, 134.01, 407.52, 115.21, 388.72, 95.07, 368.58, 83.65, 342.4, 76.94, 315.54, 85.0, 304.13, 93.72, 281.98, 89.02, 277.95, 101.11, 284.66, 115.21, 286.68, 129.98, 281.98, 144.75, 247.74, 142.06, 226.92, 150.12, 172.54, 194.43, 128.9, 201.81, 62.44, 207.19, 24.17, 241.43, 6.71, 276.34, 36.25, 268.28, 42.97, 274.99, 53.71, 313.26, 56.4, 320.65, 95.33, 324.68, 141.66, 311.92, 189.33, 289.76, 206.78, 283.72, 277.28, 287.08, 303.46, 297.82, 294.73, 319.3, 275.93, 303.19, 244.38, 297.82, 237.67, 303.19, 264.52, 315.28, 269.89, 325.35, 257.14, 321.32, 228.94, 319.98, 221.55, 325.35, 226.92, 328.03, 347.1, 328.7]], "area": 58079.92090000001, "iscrowd": 0, "image_id": 18155, "bbox": [6.71, 76.94, 424.98, 251.76], "category_id": 2, "id": 8493}, {"segmentation": [[451.06, 298.25, 451.06, 295.67, 450.2, 293.09, 449.34, 291.38, 449.34, 287.08, 452.77, 277.63, 453.63, 275.91, 455.35, 269.9, 451.92, 264.74, 451.06, 262.16, 460.51, 254.43, 462.23, 250.14, 465.66, 245.84, 474.25, 244.12, 480.27, 244.12, 482.85, 245.84, 493.15, 249.28, 494.87, 252.71, 495.73, 260.45, 495.73, 263.88, 495.73, 264.74, 495.73, 281.07, 498.31, 284.5, 498.31, 292.24, 499.17, 296.53, 498.31, 298.25, 488.0, 298.25, 479.41, 298.25, 475.97, 301.69, 458.79, 299.97, 458.79, 298.25, 452.77, 301.69]], "area": 2267.2245000000007, "iscrowd": 0, "image_id": 562458, "bbox": [449.34, 244.12, 49.83, 57.57], "category_id": 2, "id": 9511}, {"segmentation": [[487.23, 346.23, 504.47, 347.1, 501.02, 338.47, 491.46, 328.85, 488.08, 322.84, 489.96, 320.97, 494.09, 325.47, 509.85, 339.36, 521.86, 345.36, 529.37, 344.24, 529.75, 340.11, 525.99, 336.36, 506.85, 320.97, 519.24, 308.2, 530.87, 311.96, 528.24, 319.46, 536.13, 325.85, 560.9, 342.36, 557.9, 347.99, 562.78, 358.13, 562.78, 378.4, 565.41, 388.15, 574.41, 393.78, 581.17, 391.16, 586.43, 380.27, 595.43, 379.15, 601.06, 372.01, 610.45, 361.13, 610.45, 360.0, 614.2, 355.12, 627.34, 362.63, 633.72, 358.88, 633.72, 352.12, 625.09, 343.49, 608.95, 322.09, 609.7, 308.58, 595.43, 284.93, 555.27, 257.53, 544.01, 251.9, 525.24, 248.52, 494.84, 250.02, 470.81, 256.78, 461.06, 264.66, 456.93, 275.92, 448.67, 287.56, 440.04, 310.08, 448.67, 326.22, 455.05, 318.71, 460.3, 306.7, 467.06, 297.32, 465.18, 288.31, 465.56, 285.68, 468.19, 290.56, 472.69, 298.07, 477.2, 298.07, 485.08, 307.45, 472.69, 315.33, 472.69, 319.46]], "area": 13452.845050000002, "iscrowd": 0, "image_id": 136373, "bbox": [440.04, 248.52, 193.68, 145.26], "category_id": 2, "id": 11011}, {"segmentation": [[468.47, 336.84, 633.82, 262.78, 477.09, 179.25, 375.47, 227.47, 366.0, 250.72, 362.55, 256.75, 361.69, 257.61]], "area": 22645.35465, "iscrowd": 0, "image_id": 499656, "bbox": [361.69, 179.25, 272.13, 157.59], "category_id": 2, "id": 13427}, {"segmentation": [[304.18, 189.36, 286.19, 170.51, 275.05, 150.81, 267.34, 130.24, 298.19, 120.82, 313.61, 99.4, 304.18, 92.54, 333.32, 83.97, 359.02, 76.26, 382.16, 75.4, 397.58, 77.97, 407.86, 82.26, 414.72, 80.54, 439.57, 70.26, 453.28, 82.26, 462.7, 103.68, 456.7, 114.82, 464.42, 123.39, 476.41, 155.09, 480.7, 170.51, 496.98, 174.8, 505.54, 167.94, 525.25, 171.37, 528.68, 181.65, 549.24, 179.94, 562.1, 192.79, 572.38, 199.65, 582.66, 192.79, 593.8, 202.22, 594.66, 208.22, 616.08, 208.22, 638.36, 209.07, 640.0, 397.58, 625.5, 396.72, 601.51, 399.29, 574.09, 396.72, 556.96, 390.73, 533.82, 387.3, 509.83, 388.16, 486.69, 391.58, 454.13, 390.73, 444.71, 389.87, 421.57, 390.73, 401.01, 391.58, 370.16, 391.58, 343.6, 392.44, 321.32, 391.58, 284.48, 393.3, 253.63, 397.58, 237.35, 397.58, 227.92, 390.73, 224.5, 377.02, 245.06, 359.02, 270.77, 357.31, 299.9, 356.45, 317.89, 350.45, 340.17, 342.74, 365.02, 342.74, 387.3, 341.89, 376.16, 332.46, 363.31, 318.75, 343.6, 289.62, 335.03, 270.77, 337.6, 263.05, 342.74, 260.48, 354.74, 251.92, 367.59, 243.35, 365.88, 234.78, 349.6, 233.06, 326.46, 222.78, 305.04, 214.21]], "area": 83869.47979999993, "iscrowd": 0, "image_id": 86205, "bbox": [224.5, 70.26, 415.5, 329.03], "category_id": 2, "id": 13650}, {"segmentation": [[274.1, 627.07, 261.17, 586.99, 257.29, 572.77, 245.66, 567.6, 234.02, 546.91, 232.73, 523.64, 232.73, 506.83, 244.36, 496.48, 245.66, 475.8, 262.46, 466.75, 275.39, 464.16, 292.2, 465.45, 306.42, 502.95, 318.06, 527.52, 385.29, 532.69, 421.49, 545.62, 425.0, 628.36, 425.0, 632.24, 384.0, 633.54, 328.4, 629.66, 259.88, 632.24, 265.05, 605.09]], "area": 21116.439449999998, "iscrowd": 0, "image_id": 117108, "bbox": [232.73, 464.16, 192.27, 169.38], "category_id": 2, "id": 13766}, {"segmentation": [[277.77, 271.48, 296.42, 230.02, 288.13, 208.25, 275.69, 220.69, 273.62, 195.82, 303.68, 153.32, 319.22, 158.51, 344.1, 152.29, 357.57, 144.0, 407.32, 151.25, 413.54, 173.02, 419.76, 185.45, 412.5, 198.93, 395.92, 188.56, 412.5, 206.18, 395.92, 228.98, 387.63, 246.6, 387.63, 250.75, 368.97, 237.28, 333.73, 182.34, 298.49, 192.71, 308.86, 237.28, 333.73, 280.81, 339.95, 289.1, 318.19, 299.46, 298.49, 295.32, 285.02, 280.81], [386.59, 394.81, 382.45, 344.03, 368.97, 327.45, 361.72, 307.75, 337.88, 334.7, 314.04, 326.41, 313.0, 302.57, 344.1, 288.06, 423.9, 357.5, 427.01, 377.19, 413.54, 376.16, 409.39, 387.56, 409.39, 398.96, 383.48, 397.92]], "area": 14296.71745, "iscrowd": 0, "image_id": 396039, "bbox": [273.62, 144.0, 153.39, 254.96], "category_id": 2, "id": 16084}, {"segmentation": [[325.27, 505.08, 325.27, 479.16, 364.15, 378.08, 351.19, 321.06, 360.26, 308.1, 360.26, 299.03, 360.26, 293.84, 380.99, 279.59, 387.47, 287.37, 413.39, 287.37, 441.9, 291.25, 447.08, 286.07, 467.82, 287.37, 474.3, 311.99, 471.71, 326.24, 471.71, 383.26, 474.3, 392.33, 485.96, 444.17, 485.96, 496.0, 492.44, 515.44, 498.92, 534.88, 478.19, 538.77, 452.27, 553.02, 406.91, 547.84, 362.85, 556.91, 327.86, 563.39, 316.2, 571.17, 292.87, 559.5, 311.02, 534.88, 322.68, 527.11]], "area": 36943.434100000006, "iscrowd": 0, "image_id": 1319, "bbox": [292.87, 279.59, 206.05, 291.58], "category_id": 1, "id": 46998}, {"segmentation": [[90.35, 190.76, 87.59, 198.33, 71.08, 198.33, 53.19, 192.14, 44.24, 181.13, 53.87, 165.3, 69.7, 161.17, 70.39, 164.61, 83.47, 147.41, 93.79, 121.26, 95.16, 113.0, 102.05, 93.04, 108.24, 86.16, 109.62, 73.08, 115.12, 86.85, 125.44, 85.47, 122.0, 95.1, 124.76, 121.26, 128.2, 157.04, 116.5, 198.33, 89.66, 192.83]], "area": 5048.613850000001, "iscrowd": 0, "image_id": 342150, "bbox": [44.24, 73.08, 83.96, 125.25], "category_id": 1, "id": 47305}, {"segmentation": [[58.34, 94.35, 66.55, 72.87, 88.66, 50.13, 113.93, 28.02, 143.62, 12.23, 168.89, 10.33, 204.27, 13.49, 266.81, 33.08, 293.34, 67.19, 336.93, 72.24, 359.67, 72.24, 393.78, 48.87, 402.62, 48.87, 408.31, 58.98, 394.41, 88.67, 387.46, 107.62, 395.68, 144.89, 398.2, 172.68, 365.98, 254.17, 354.61, 266.81, 335.66, 273.76, 318.61, 278.81, 292.71, 278.81, 279.44, 287.02, 256.7, 288.92, 218.8, 288.92, 196.69, 278.81, 173.31, 264.91, 158.15, 246.59, 153.1, 233.96, 145.52, 217.54, 133.52, 194.79, 120.88, 181.53, 114.56, 182.16, 103.19, 191.64, 94.35, 191.64, 74.13, 189.11, 71.61, 172.05, 63.4, 141.1, 59.61, 122.15]], "area": 69286.37679999998, "iscrowd": 0, "image_id": 499656, "bbox": [58.34, 10.33, 349.97, 278.59], "category_id": 1, "id": 47551}, {"segmentation": [[325.63, 79.25, 318.43, 62.68, 316.99, 46.11, 309.06, 17.29, 290.33, 10.09, 271.6, 10.09, 244.23, 5.76, 208.92, 3.6, 177.23, 10.81, 158.49, 28.1, 143.37, 43.95, 138.32, 64.12, 127.52, 77.09, 110.23, 89.33, 123.19, 131.12, 129.68, 131.84, 141.2, 113.11, 144.81, 103.74, 171.46, 87.17, 198.84, 77.09, 214.69, 77.09, 208.2, 103.02, 211.09, 136.88, 202.44, 179.39, 208.92, 197.4, 221.89, 196.68, 235.58, 183.71, 235.58, 155.61, 241.34, 116.71, 251.43, 126.8, 271.6, 123.91, 291.05, 116.71, 309.06, 107.34, 319.87, 98.7]], "area": 20118.13165, "iscrowd": 0, "image_id": 33111, "bbox": [110.23, 3.6, 215.4, 193.8], "category_id": 1, "id": 47574}, {"segmentation": [[496.93, 204.2, 452.66, 184.92, 368.41, 180.64, 361.99, 180.64, 339.14, 145.65, 329.86, 112.09, 317.01, 87.11, 295.59, 81.39, 283.45, 101.38, 279.88, 112.09, 241.32, 120.66, 187.06, 108.52, 203.48, 144.22, 215.62, 162.79, 221.33, 184.21, 227.05, 209.91, 229.9, 215.62, 231.33, 235.61, 233.47, 244.89, 199.2, 241.32, 199.2, 269.88, 249.18, 296.3, 272.74, 308.44, 310.58, 332.0, 500.0, 331.29]], "area": 49180.47150000001, "iscrowd": 0, "image_id": 273885, "bbox": [187.06, 81.39, 312.94, 250.61], "category_id": 1, "id": 48654}, {"segmentation": [[275.8, 215.1, 273.5, 226.62, 270.74, 233.99, 272.03, 238.14, 271.32, 239.62, 272.28, 242.51, 274.01, 243.47, 276.13, 246.36, 278.05, 247.9, 278.82, 250.78, 284.02, 250.98, 290.56, 249.05, 297.3, 242.51, 299.8, 234.24, 301.72, 218.84, 302.3, 209.99, 328.85, 210.38, 338.28, 210.57, 344.24, 210.57, 353.09, 213.46, 361.37, 216.53, 366.37, 216.92, 375.8, 212.3, 380.99, 205.18, 391.0, 202.49, 396.39, 199.6, 400.24, 194.6, 401.58, 187.1, 400.81, 184.02, 399.85, 180.55, 396.19, 177.28, 391.0, 175.94, 382.92, 176.51, 380.42, 171.32, 377.53, 165.93, 376.95, 163.04, 377.72, 158.81, 378.49, 151.88, 378.49, 147.65, 377.53, 142.65, 375.22, 138.61, 374.26, 138.03, 370.6, 137.84, 367.53, 139.38, 361.75, 144.57, 359.44, 148.23, 356.56, 148.04, 353.09, 146.69, 342.7, 145.73, 338.86, 146.11, 336.93, 144.76, 335.39, 144.76, 329.43, 141.11, 319.61, 131.87, 315.96, 129.18, 314.23, 128.6, 311.92, 130.53, 311.73, 131.49, 312.11, 136.49, 313.65, 141.88, 313.65, 149.19, 313.65, 157.66, 305.38, 155.35, 296.14, 155.73, 287.67, 155.35, 277.86, 154.0, 269.01, 154.58, 259.97, 155.15, 252.08, 156.31, 246.31, 158.23, 239.57, 159.77, 228.6, 160.73, 183.96, 161.12, 173.19, 160.73, 168.57, 164.01, 164.34, 165.74, 156.26, 168.05, 142.02, 176.51, 127.2, 183.63, 114.31, 192.29, 104.5, 196.91, 84.68, 210.38, 79.68, 215.76, 82.56, 217.11, 79.1, 219.61, 73.71, 229.04, 69.56, 237.32, 68.64, 242.39, 63.57, 264.05, 61.26, 281.56, 62.65, 288.94, 69.1, 292.16, 74.63, 289.4, 81.54, 281.56, 83.38, 277.88, 83.1, 264.73, 83.38, 247.66, 83.1, 233.67, 82.86, 224.1, 82.64, 222.79, 82.2, 219.52, 84.16, 218.21, 90.7, 217.78, 100.73, 218.0, 102.26, 216.25, 102.26, 213.86, 104.44, 213.64, 114.03, 214.07, 115.12, 216.47, 115.55, 217.78, 118.82, 216.69, 120.57, 215.82, 124.71, 215.38, 127.76, 214.73, 133.43, 215.16, 140.4, 215.16, 152.61, 215.16, 163.51, 215.16, 180.73, 214.95, 188.36, 214.29, 191.19, 215.16, 194.68, 214.07, 202.31, 214.07, 211.03, 213.2, 224.54, 213.64, 236.31, 213.86, 238.06, 212.11, 247.43, 212.77, 263.78, 212.98, 273.15, 212.98, 275.77, 212.77, 275.82, 215.48]], "area": 17766.45835, "iscrowd": 0, "image_id": 168963, "bbox": [61.26, 128.6, 340.32, 163.56], "category_id": 1, "id": 48754}, {"segmentation": [[117.11, 274.2, 117.94, 263.38, 116.69, 261.31, 114.2, 259.64, 112.12, 257.56, 114.2, 255.9, 121.27, 259.64, 120.02, 257.15, 126.67, 255.9, 130.41, 255.9, 134.16, 258.81, 135.4, 262.55, 143.72, 272.12, 142.06, 285.01, 145.8, 294.99, 146.21, 309.95, 140.81, 316.61, 132.91, 319.1, 113.78, 319.93, 107.13, 319.93, 106.3, 300.81, 114.2, 287.5]], "area": 1895.2961000000007, "iscrowd": 0, "image_id": 562458, "bbox": [106.3, 255.9, 39.91, 64.03], "category_id": 1, "id": 48780}, {"segmentation": [[181.73, 207.58, 179.91, 199.41, 177.19, 193.05, 176.28, 186.69, 169.92, 182.15, 161.75, 173.98, 159.94, 170.35, 156.3, 168.53, 155.4, 181.25, 149.95, 173.98, 145.41, 160.36, 141.77, 146.74, 141.77, 133.12, 139.05, 119.5, 139.05, 113.14, 139.96, 108.6, 145.41, 102.25, 148.13, 98.61, 171.74, 72.28, 188.99, 78.64, 198.07, 82.27, 200.8, 85.9, 227.13, 77.73, 225.31, 83.18, 210.79, 89.53, 225.31, 131.3, 228.95, 164.9, 227.13, 179.43, 230.76, 184.88, 225.31, 189.42, 227.13, 212.12, 205.34, 217.57, 189.9, 219.38]], "area": 9401.40385, "iscrowd": 0, "image_id": 476173, "bbox": [139.05, 72.28, 91.71, 147.1], "category_id": 1, "id": 48862}, {"segmentation": [[241.32, 237.11, 246.0, 252.08, 274.06, 265.17, 301.18, 271.72, 331.11, 266.11, 362.91, 252.08, 378.81, 245.53, 418.1, 245.53, 435.87, 245.53, 454.58, 246.46, 486.38, 252.08, 490.12, 241.79, 488.25, 229.63, 490.12, 212.79, 498.54, 222.14, 518.18, 226.82, 546.24, 229.63, 564.01, 222.14, 558.4, 247.4, 557.47, 253.95, 549.98, 278.27, 551.85, 305.39, 539.69, 327.84, 557.47, 354.03, 572.65, 363.09, 564.58, 376.48, 547.18, 368.13, 527.53, 348.42, 512.57, 340.0, 492.93, 339.06, 513.5, 363.38, 522.5, 379.56, 505.88, 387.92, 478.9, 356.83, 451.77, 335.32, 438.68, 330.64, 414.36, 326.9, 381.62, 335.32, 375.07, 339.06, 389.1, 354.96, 397.52, 361.51, 379.75, 373.67, 359.17, 354.03, 345.14, 332.52, 330.18, 333.45, 320.82, 341.87, 324.56, 361.51, 319.95, 376.05, 306.79, 367.92, 302.12, 354.96, 299.09, 336.9, 311.47, 310.07, 322.76, 289.21, 279.67, 284.81, 244.27, 275.89, 230.09, 259.56, 227.29, 238.05, 231.03, 231.5, 237.58, 230.56]], "area": 27533.467499999995, "iscrowd": 0, "image_id": 55607, "bbox": [227.29, 212.79, 345.36, 175.13], "category_id": 1, "id": 49487}, {"segmentation": [[259.18, 216.86, 251.08, 238.73, 250.27, 245.21, 250.27, 255.74, 250.27, 256.55, 259.18, 269.51, 274.57, 292.99, 279.43, 301.9, 281.86, 307.57, 288.34, 312.43, 299.68, 314.05, 302.92, 315.67, 310.21, 319.72, 323.16, 323.77, 336.93, 325.39, 347.46, 328.63, 360.42, 331.87, 370.95, 328.63, 384.72, 326.2, 399.3, 323.77, 417.12, 314.05, 432.51, 305.14, 439.79, 301.9, 460.85, 288.13, 464.9, 280.04, 468.95, 289.75, 470.57, 289.75, 470.57, 293.8, 482.72, 303.52, 489.2, 295.42, 489.2, 292.18, 490.82, 275.99, 497.3, 264.65, 497.3, 250.88, 497.3, 248.45, 496.67, 247.82, 492.25, 223.2, 492.25, 211.21, 491.62, 203.01, 490.36, 180.92, 490.36, 165.78, 490.36, 160.73, 481.52, 141.8, 470.16, 124.76, 465.75, 122.86, 455.65, 122.23, 446.81, 127.91, 434.82, 124.13, 424.1, 113.4, 403.9, 102.67, 390.02, 98.88, 370.45, 107.09, 343.32, 115.29, 338.9, 121.6, 336.38, 122.23, 326.91, 131.07, 321.23, 136.75, 292.2, 165.78, 280.21, 167.04, 270.11, 168.3, 261.28, 171.46, 256.86, 171.46, 250.55, 171.46, 241.08, 171.46, 234.77, 170.19, 232.88, 173.35, 235.4, 181.55, 238.56, 187.86, 260.65, 217.53]], "area": 43468.05795, "iscrowd": 0, "image_id": 381605, "bbox": [232.88, 98.88, 264.42, 232.99], "category_id": 1, "id": 49878}, {"segmentation": [[402.92, 186.5, 401.33, 194.11, 399.43, 206.16, 399.75, 213.77, 399.43, 222.33, 401.33, 228.35, 401.65, 236.28, 401.33, 244.2, 399.75, 248.33, 399.43, 280.66, 404.5, 281.61, 405.77, 270.83, 406.4, 265.45, 409.57, 257.52, 411.48, 254.67, 414.01, 261.32, 414.33, 266.71, 414.96, 271.79, 417.5, 276.86, 418.45, 277.81, 424.16, 276.86, 420.04, 272.74, 423.84, 273.69, 427.65, 275.59, 432.4, 277.81, 432.4, 275.27, 430.5, 272.1, 427.33, 269.88, 425.11, 267.66, 421.62, 260.69, 423.21, 255.3, 423.21, 245.15, 425.11, 242.62, 425.11, 235.01, 425.11, 233.42, 425.74, 227.08, 426.06, 216.62, 425.11, 211.55, 424.47, 204.26, 421.62, 202.04, 423.21, 197.92, 422.57, 196.65, 422.26, 195.7, 423.21, 192.21, 426.38, 191.89, 429.86, 188.4, 429.86, 186.19, 430.5, 184.6, 430.82, 179.53, 430.5, 176.67, 431.13, 173.82, 427.33, 176.04, 424.79, 174.45, 424.79, 168.11, 423.21, 168.43, 419.4, 173.5, 415.6, 175.41, 410.84, 179.84, 404.5, 185.87]], "area": 2350.522800000001, "iscrowd": 0, "image_id": 531983, "bbox": [399.43, 168.11, 32.97, 113.5], "category_id": 1, "id": 50092}, {"segmentation": [[52.48, 302.66, 81.68, 289.13, 155.03, 259.93, 224.1, 235.01, 262.56, 235.72, 281.07, 228.6, 289.62, 248.54, 333.77, 276.31, 369.38, 324.74, 379.35, 344.68, 343.03, 344.68, 293.18, 356.07, 247.6, 361.77, 231.22, 367.46, 224.1, 363.9, 214.85, 372.45, 205.59, 383.84, 157.87, 383.13, 120.84, 384.56, 19.01, 381.0, 30.4, 376.01, 22.57, 356.07, 25.42, 333.99, 27.55, 319.75, 10.46, 291.98, 58.17, 299.1]], "area": 36150.69985, "iscrowd": 0, "image_id": 86205, "bbox": [10.46, 228.6, 368.89, 155.96], "category_id": 1, "id": 50125}, {"segmentation": [[15.07, 255.85, 22.25, 239.34, 59.57, 213.51, 55.66, 221.66, 59.93, 223.56, 73.66, 219.77, 85.02, 216.45, 119.59, 215.51, 162.67, 199.41, 174.98, 188.04, 182.09, 192.78, 195.82, 185.68, 201.5, 176.21, 205.29, 179.99, 212.39, 179.05, 228.49, 162.48, 230.38, 166.74, 243.17, 153.01, 256.9, 149.69, 260.68, 148.27, 267.31, 144.48, 268.73, 148.27, 273.47, 143.54, 273.0, 151.11, 273.0, 151.11, 286.73, 142.59, 267.31, 139.27, 250.27, 144.01, 232.75, 151.11, 220.91, 141.17, 212.86, 131.7, 212.86, 131.7, 209.55, 130.28, 200.08, 124.6, 193.92, 122.7, 182.56, 129.8, 168.83, 127.91, 150.36, 130.28, 141.84, 134.54, 132.37, 143.06, 116.74, 149.22, 116.74, 144.01, 111.06, 128.38, 104.43, 122.7, 93.07, 115.6, 93.07, 115.6, 87.39, 114.18, 87.39, 113.71, 80.29, 116.55, 80.29, 117.02, 65.61, 118.91, 61.82, 116.55, 61.82, 116.55, 46.67, 115.6, 36.25, 109.92, 37.67, 118.91, 51.4, 129.33, 49.98, 136.43, 47.62, 147.32, 47.62, 153.01, 49.51, 158.69, 48.56, 164.84, 52.35, 169.58, 53.3, 173.37, 61.35, 175.73, 63.24, 175.73, 52.35, 187.57, 52.35, 187.57, 40.99, 202.72, 37.67, 207.46, 25.83, 215.03, 15.89, 224.03, 0.27, 242.02, 1.21, 264.28, 7.84, 261.43, 9.74, 255.75, 13.52, 259.07, 15.89, 255.75]], "area": 14972.503550000012, "iscrowd": 0, "image_id": 18155, "bbox": [0.27, 109.92, 286.46, 154.36], "category_id": 1, "id": 50370}, {"segmentation": [[318.21, 182.85, 345.74, 197.17, 350.14, 224.69, 395.29, 263.23, 398.59, 248.92, 391.98, 240.11, 397.49, 225.79, 399.69, 218.09, 417.31, 187.26, 454.74, 166.34, 481.17, 152.02, 484.47, 133.3, 498.79, 113.48, 518.61, 127.8, 531.82, 156.43, 551.64, 197.17, 578.06, 247.82, 593.48, 279.75, 593.48, 300.67, 640.0, 313.88, 639.72, 506.57, 429.42, 506.57, 412.9, 488.95, 412.9, 466.93, 421.71, 458.12, 442.63, 461.42, 455.85, 448.21, 451.44, 410.77, 418.41, 377.74, 385.38, 341.41, 361.15, 310.58, 339.13, 272.04, 313.81, 254.42, 307.2, 246.71, 303.9, 203.77]], "area": 75747.43585, "iscrowd": 0, "image_id": 396039, "bbox": [303.9, 113.48, 336.1, 393.09], "category_id": 1, "id": 50504}, {"segmentation": [[321.0, 225.38, 315.75, 214.88, 325.5, 219.38, 336.0, 220.88, 343.5, 225.38, 357.75, 212.63, 356.25, 229.13, 354.75, 241.13, 359.25, 249.37, 350.25, 258.38, 351.75, 277.13, 339.75, 289.88, 327.0, 307.13, 328.5, 314.63, 336.75, 316.13, 333.75, 326.63, 248.25, 328.88, 253.5, 323.63, 249.75, 315.38, 246.75, 295.88, 249.75, 281.63, 257.25, 269.63, 268.5, 257.63, 288.75, 251.63, 302.25, 249.37, 309.0, 248.63, 316.5, 238.87, 316.5, 233.63, 319.5, 228.38, 322.5, 226.88]], "area": 7942.8975, "iscrowd": 0, "image_id": 220053, "bbox": [246.75, 212.63, 112.5, 116.25], "category_id": 1, "id": 50561}, {"segmentation": [[49.47, 225.77, 60.24, 232.95, 68.21, 234.55, 75.39, 234.55, 83.37, 232.95, 92.54, 226.97, 110.48, 228.17, 123.64, 229.36, 134.01, 234.15, 143.18, 244.12, 147.57, 259.27, 147.17, 272.83, 143.98, 278.41, 141.99, 281.6, 143.58, 287.58, 144.78, 295.96, 139.19, 304.73, 135.61, 306.72, 132.42, 301.94, 133.61, 297.15, 134.01, 294.36, 128.43, 285.19, 124.44, 290.77, 119.65, 293.17, 118.06, 301.14, 113.67, 310.71, 109.29, 317.09, 108.09, 320.68, 108.09, 329.45, 110.48, 333.84, 110.08, 338.63, 105.7, 339.82, 99.72, 335.83, 98.12, 332.64, 94.13, 318.69, 97.72, 311.51, 99.32, 307.12, 96.13, 303.53, 91.34, 298.75, 86.56, 293.96, 81.77, 293.17, 76.19, 303.53, 72.6, 308.72, 64.23, 310.71, 51.47, 310.71, 43.49, 310.71, 32.72, 313.1, 33.52, 308.72, 38.7, 305.13, 40.3, 301.54, 39.5, 297.95, 47.48, 293.96, 53.46, 290.77, 55.85, 289.18, 58.24, 286.79, 54.66, 283.99, 46.97, 284.92, 31.53, 277.61, 26.34, 278.81, 23.95, 275.22, 27.94, 271.23, 31.93, 270.44, 37.11, 270.04, 41.9, 271.23, 46.68, 273.23, 49.07, 267.65, 42.69, 262.86, 41.5, 251.69, 47.48, 242.12, 51.86, 238.54, 47.48, 231.76, 46.68, 227.37, 49.07, 225.38]], "area": 7735.676899999998, "iscrowd": 0, "image_id": 136373, "bbox": [23.95, 225.38, 123.62, 114.44], "category_id": 1, "id": 50996}, {"segmentation": [[284.56, 106.41, 274.9, 121.45, 257.72, 122.52, 240.54, 122.52, 208.32, 116.08, 196.51, 104.26, 190.07, 84.94, 187.92, 69.9, 188.99, 50.57, 202.95, 33.39, 223.36, 26.95, 267.38, 43.06, 267.38, 48.43, 277.05, 55.94, 285.64, 51.65, 292.08, 57.02, 292.08, 65.61, 299.6, 77.42, 303.89, 89.23, 299.6, 97.82]], "area": 8139.737750000002, "iscrowd": 0, "image_id": 161617, "bbox": [187.92, 26.95, 115.97, 95.57], "category_id": 1, "id": 52016}, {"segmentation": [[276.23, 150.86, 301.49, 117.45, 309.64, 119.89, 317.79, 153.3, 314.53, 167.97, 316.16, 192.41, 310.45, 229.9, 305.56, 249.45, 319.42, 300.79, 326.75, 381.46, 338.16, 439.32, 326.75, 472.73, 325.94, 497.17, 321.86, 518.36, 317.79, 531.4, 254.23, 539.55, 241.19, 539.55, 232.23, 541.99, 154.81, 566.44, 86.36, 576.22, 36.66, 581.92, 24.44, 564.81, 37.47, 547.7, 83.92, 537.1, 114.07, 532.21, 138.52, 515.1, 136.07, 482.51, 130.37, 458.06, 138.52, 426.28, 136.07, 400.2, 150.74, 324.42, 180.07, 282.05, 187.41, 264.12, 197.19, 234.79, 195.56, 211.16, 189.04, 185.9, 184.15, 155.75, 189.04, 131.3, 192.3, 127.23, 207.78, 132.93, 224.89, 157.38]], "area": 69916.1909, "iscrowd": 0, "image_id": 1319, "bbox": [24.44, 117.45, 313.72, 464.47], "category_id": 1, "id": 52185}, {"segmentation": [[66.47, 104.25, 68.52, 106.31, 69.89, 112.47, 74.0, 115.22, 78.8, 113.16, 77.43, 118.64, 79.49, 120.7, 75.37, 130.98, 77.43, 137.83, 74.69, 148.11, 74.69, 155.64, 75.37, 156.33, 71.95, 163.18, 69.89, 161.81, 54.13, 165.92, 44.54, 179.63, 41.8, 175.52, 43.85, 169.35, 42.48, 159.76, 42.48, 154.27, 41.8, 145.37, 50.02, 133.03, 55.5, 126.18, 60.99, 116.59]], "area": 1512.7575499999998, "iscrowd": 0, "image_id": 342150, "bbox": [41.8, 104.25, 37.69, 75.38], "category_id": 1, "id": 52738}, {"segmentation": [[355.65, 271.33, 357.53, 264.27, 365.53, 257.68, 368.36, 245.91, 370.71, 230.38, 364.12, 212.96, 359.41, 200.73, 360.35, 189.43, 363.65, 188.02, 359.88, 174.37, 360.35, 164.48, 363.65, 161.19, 363.18, 149.42, 363.65, 138.12, 367.41, 139.53, 372.59, 148.01, 398.95, 151.77, 412.13, 145.18, 413.54, 148.48, 411.19, 158.36, 406.95, 165.42, 412.13, 170.13, 428.14, 172.48, 434.26, 176.25, 424.84, 268.98, 410.72, 262.39, 402.72, 268.51, 395.66, 283.57, 387.65, 284.04, 381.54, 283.57, 378.24, 280.75, 390.95, 259.09, 394.72, 245.44, 385.77, 244.03, 376.83, 260.98, 375.42, 267.57, 372.59, 269.45, 371.65, 274.63, 363.65, 274.63, 353.29, 274.16, 354.23, 270.39]], "area": 7536.256099999997, "iscrowd": 0, "image_id": 116503, "bbox": [353.29, 138.12, 80.97, 145.92], "category_id": 1, "id": 52765}, {"segmentation": [[224.0, 49.0, 217.0, 40.0, 231.0, 41.5, 248.5, 38.0, 264.5, 48.0, 270.5, 61.5, 286.0, 69.0, 309.5, 73.5, 327.5, 86.5, 344.5, 111.5, 350.0, 123.0, 357.0, 134.0, 360.0, 146.5, 358.5, 169.0, 350.0, 184.5, 340.0, 196.5, 336.5, 200.5, 336.0, 214.5, 332.0, 221.0, 323.0, 214.0, 319.5, 191.5, 319.0, 186.0, 328.0, 173.0, 334.5, 164.5, 332.0, 163.0, 323.5, 172.0, 315.0, 185.5, 308.0, 194.0, 298.5, 199.5, 291.5, 207.0, 278.0, 203.0, 278.0, 194.0, 290.0, 186.5, 299.5, 181.0, 299.0, 179.0, 293.0, 183.5, 279.5, 184.0, 268.5, 184.5, 259.5, 183.5, 256.5, 176.5, 269.0, 172.0, 281.0, 170.5, 281.5, 156.0, 286.0, 138.5, 272.0, 128.0, 262.5, 121.0, 247.0, 122.5, 239.0, 126.5, 226.5, 129.5, 217.0, 134.5, 207.5, 140.5, 209.5, 144.5, 208.0, 149.5, 196.5, 149.5, 191.5, 146.5, 191.0, 140.0, 201.5, 126.5, 213.0, 121.5, 197.5, 117.0, 191.5, 110.0, 189.5, 104.0, 197.0, 101.5, 204.0, 102.0, 204.5, 105.0, 223.0, 104.0, 226.5, 102.0, 224.5, 93.0, 224.5, 80.0, 220.5, 72.5, 220.5, 54.5]], "area": 14199.375, "iscrowd": 0, "image_id": 532975, "bbox": [189.5, 38.0, 170.5, 183.0], "category_id": 1, "id": 52988}, {"segmentation": [[220.12, 373.74, 254.57, 377.24, 277.93, 384.83, 318.8, 380.16, 360.26, 369.65, 367.85, 358.56, 384.2, 335.79, 360.26, 321.19, 338.07, 317.1, 320.56, 311.26, 312.38, 306.59, 317.05, 297.83, 309.46, 284.99, 300.7, 280.9, 286.69, 281.48, 273.26, 286.15, 238.81, 289.07, 198.52, 275.64, 177.5, 270.97, 136.04, 284.4, 152.39, 291.41, 186.84, 309.51, 207.28, 325.86, 206.69, 329.95, 214.87, 333.45, 212.53, 347.46, 207.86, 359.73, 217.2, 373.74]], "area": 15046.395950000006, "iscrowd": 0, "image_id": 499656, "bbox": [136.04, 270.97, 248.16, 113.86], "category_id": 2, "id": 1402981}, {"segmentation": [[310.54, 330.26, 317.72, 320.2, 326.7, 310.87, 334.6, 314.1, 346.1, 308.71, 361.54, 313.38, 369.44, 313.02, 366.92, 320.56, 370.52, 322.72, 375.54, 331.34, 380.21, 331.34, 380.93, 343.91, 384.88, 349.65, 383.09, 355.04, 384.52, 361.86, 379.49, 368.33, 320.96, 378.02, 319.52, 375.51]], "area": 3851.1514499999985, "iscrowd": 0, "image_id": 168963, "bbox": [310.54, 308.71, 74.34, 69.31], "category_id": 2, "id": 1403060}, {"segmentation": [[332.1, 96.27, 340.45, 101.84, 346.93, 101.37, 360.38, 99.52, 377.53, 85.15, 383.55, 83.3, 385.87, 81.91, 388.19, 79.59, 390.04, 78.66, 397.92, 76.81, 399.31, 76.34, 402.09, 74.49, 415.53, 70.78, 419.24, 70.78, 420.17, 71.71, 419.24, 74.03, 413.68, 86.08, 413.68, 89.32, 416.0, 94.88, 420.17, 99.98, 421.56, 102.3, 422.02, 104.62, 422.02, 108.79, 422.02, 113.42, 421.56, 117.6, 423.41, 121.3, 423.88, 121.77, 423.88, 124.08, 423.88, 125.94, 422.95, 128.26, 421.56, 130.57, 419.7, 132.43, 414.61, 133.82, 410.43, 134.75, 404.87, 135.21, 397.46, 133.82, 395.6, 133.35, 390.97, 134.75, 385.87, 139.38, 381.7, 147.72, 378.92, 155.14, 378.45, 157.92, 376.14, 163.02, 370.57, 169.97, 362.69, 175.07, 356.67, 180.63, 347.86, 206.42, 348.79, 224.04, 350.18, 231.45, 356.2, 232.84, 357.59, 235.16, 358.06, 240.72, 356.67, 242.58, 354.81, 243.5, 349.25, 243.97, 345.54, 243.97, 344.15, 243.97, 339.52, 240.72, 335.81, 230.53, 331.17, 214.77, 328.39, 211.52, 327.0, 202.72, 323.76, 177.69, 317.27, 168.42, 314.95, 167.49, 306.15, 164.24, 300.58, 161.93, 297.34, 161.0, 295.48, 160.54, 301.97, 145.7, 304.29, 136.9, 308.93, 129.94, 316.81, 131.33, 321.44, 131.33, 324.69, 130.41, 327.47, 128.55, 330.71, 126.7, 330.71, 122.06, 330.71, 105.08, 331.17, 97.2], [119.22, 48.07, 130.81, 69.39, 137.76, 87.0, 153.52, 94.42, 163.25, 99.98, 184.11, 88.39, 198.48, 83.76, 208.21, 85.15, 212.38, 86.08, 222.58, 85.15, 234.63, 83.76, 249.93, 80.05, 255.49, 80.51, 259.66, 82.37, 262.44, 86.08, 264.76, 92.1, 260.59, 96.74, 210.53, 112.96, 202.65, 114.81, 198.94, 114.81, 197.09, 112.03, 195.7, 106.47, 181.33, 112.5, 162.79, 114.35, 147.49, 111.57, 128.95, 92.57, 122.46, 79.12, 113.19, 57.8, 115.05, 47.61]], "area": 11936.464749999996, "iscrowd": 0, "image_id": 557543, "bbox": [113.19, 47.61, 310.69, 196.36], "category_id": 1, "id": 1816528}, {"segmentation": [[129.66, 256.0, 151.27, 211.12, 157.92, 194.49, 152.94, 179.53, 129.66, 131.32, 146.29, 126.34, 172.88, 139.64, 192.83, 136.31, 234.39, 131.32, 254.34, 124.68, 282.6, 129.66, 320.83, 109.71, 327.48, 123.01, 330.81, 154.6, 320.83, 176.21, 335.79, 206.13, 335.79, 249.35, 330.81, 259.32, 342.44, 322.49, 345.77, 350.75, 280.94, 468.78, 262.65, 472.1, 247.69, 487.06, 247.69, 498.7, 237.71, 508.68, 236.05, 518.65, 242.7, 530.29, 237.71, 540.26, 246.03, 566.86, 257.66, 568.52, 267.64, 628.36, 270.96, 635.01, 267.64, 638.34, 236.05, 635.01, 214.44, 535.27, 207.79, 540.26, 226.08, 640.0, 177.87, 640.0, 146.29, 563.53, 126.34, 492.05, 108.05, 393.97, 119.69, 329.14, 151.27, 275.95, 142.96, 259.32, 132.99, 257.66]], "area": 83922.26309999998, "iscrowd": 0, "image_id": 117108, "bbox": [108.05, 109.71, 237.72, 530.29], "category_id": 1, "id": 1816672}, {"segmentation": [[128.0, 139.64, 112.48, 99.56, 112.48, 74.99, 118.95, 54.3, 126.71, 49.13, 191.35, 82.75, 196.53, 90.51, 241.78, 108.61, 294.79, 120.24, 301.25, 87.92, 324.53, 74.99, 352.97, 56.89, 359.43, 68.53, 342.63, 112.48, 332.28, 144.81, 328.4, 179.72, 325.82, 209.45, 336.16, 219.8, 407.27, 223.68, 415.03, 224.97, 465.45, 228.85, 474.51, 228.85, 475.8, 268.93, 473.21, 289.62, 474.51, 315.47, 474.51, 338.75, 469.33, 362.02, 473.21, 385.29, 478.38, 407.27, 475.8, 447.35, 475.8, 458.99, 468.04, 479.68, 455.11, 490.02, 426.67, 505.54, 434.42, 474.51, 439.6, 443.47, 429.25, 399.52, 407.27, 384.0, 381.41, 389.17, 365.9, 412.44, 360.73, 431.84, 349.09, 469.33, 330.99, 493.9, 312.89, 506.83, 288.32, 506.83, 261.17, 491.31, 258.59, 477.09, 267.64, 443.47, 237.9, 456.4, 237.9, 488.73, 224.97, 508.12, 205.58, 546.91, 170.67, 535.27, 166.79, 528.81, 166.79, 490.02, 168.08, 448.65, 178.42, 420.2, 178.42, 386.59, 190.06, 364.61, 183.6, 345.21, 169.37, 290.91, 164.2, 272.81, 157.74, 257.29, 151.27, 243.07, 140.93, 217.21, 139.64, 200.4, 135.76, 171.96, 129.29, 159.03, 124.12, 149.98, 122.83, 134.46, 122.83, 130.59]], "area": 104313.3534, "iscrowd": 0, "image_id": 179392, "bbox": [112.48, 49.13, 365.9, 497.78], "category_id": 2, "id": 11242}, {"segmentation": [[173.82, 541.04, 160.06, 453.85, 161.59, 411.02, 187.59, 363.6, 189.12, 334.54, 167.71, 282.53, 143.23, 233.58, 127.93, 173.92, 117.23, 79.08, 126.4, 42.37, 196.77, 105.09, 244.19, 105.09, 273.25, 112.74, 346.68, 62.26, 339.03, 120.39, 302.32, 201.46, 316.08, 230.52, 355.85, 288.65, 380.33, 308.53, 429.28, 320.77, 470.58, 337.6, 478.23, 380.43, 480.0, 449.26, 467.52, 492.09, 420.1, 499.74, 421.63, 469.15, 452.22, 421.73, 433.87, 378.9, 400.21, 365.13, 392.57, 378.9, 378.8, 407.96, 365.03, 449.26, 348.21, 490.56, 332.91, 505.86, 325.26, 539.51, 305.37, 537.98, 285.49, 505.86, 247.25, 511.98, 259.48, 563.99, 218.18, 593.05]], "area": 97774.50574999997, "iscrowd": 0, "image_id": 179392, "bbox": [117.23, 42.37, 362.77, 550.68], "category_id": 1, "id": 1816150}], "categories": [{"supercategory": "animal", "id": 1, "name": "cat"}, {"supercategory": "animal", "id": 2, "name": "dog"}]}